sequence,v115@9gwhBeQ4EeAtwhBeR4CeBtwhRpg0Q4CeAtglwhRpi0?AeilJevBJvhCOAJ6/Ip0I,v115@9gwhBeQ4EeAtwhBeR4CeBtwhRpg0Q4CeAtglwhRpi0?AeilJesCJvhDzzIp0IOAJ6/I
TILJSZO,O,X
TILJSOZ,O,X
TILJZSO,X,X
TILJZOS,X,O
TILJOSZ,X,X
TILJOZS,X,X
TILSJZO,O,X
TILSJOZ,O,X
TILSZJO,X,X
TILSZOJ,X,X
TILSOJZ,X,X
TILSOZJ,X,X
TILZJSO,X,X
TILZJOS,X,O
TILZSJO,X,X
TILZSOJ,X,X
TILZOJS,X,O
TILZOSJ,X,X
TILOJSZ,X,X
TILOJZS,X,X
TILOSJZ,X,X
TILOSZJ,X,X
TILOZJS,X,X
TILOZSJ,X,X
TIJLSZO,O,X
TIJLSOZ,O,X
TIJLZSO,X,X
TIJLZOS,X,O
TIJLOSZ,X,X
TIJLOZS,X,X
TIJSLZO,O,X
TIJSLOZ,O,X
TIJSZLO,X,X
TIJSZOL,X,X
TIJSOLZ,X,X
TIJSOZL,X,X
TIJZLSO,X,X
TIJZLOS,X,O
TIJZSLO,X,X
TIJZSOL,X,X
TIJZOLS,X,O
TIJZOSL,X,X
TIJOLSZ,X,X
TIJOLZS,X,X
TIJOSLZ,X,X
TIJOSZL,X,X
TIJOZLS,X,X
TIJOZSL,X,X
TISLJZO,O,X
TISLJOZ,O,X
TISLZJO,X,X
TISLZOJ,X,X
TISLOJZ,X,X
TISLOZJ,X,X
TISJLZO,O,X
TISJLOZ,O,X
TISJZLO,X,X
TISJZOL,X,X
TISJOLZ,X,X
TISJOZL,X,X
TISZLJO,X,X
TISZLOJ,X,X
TISZJLO,X,X
TISZJOL,X,X
TISZOLJ,X,X
TISZOJL,X,X
TISOLJZ,X,X
TISOLZJ,X,X
TISOJLZ,X,X
TISOJZL,X,X
TISOZLJ,X,X
TISOZJL,X,X
TIZLJSO,X,X
TIZLJOS,X,O
TIZLSJO,X,X
TIZLSOJ,X,X
TIZLOJS,X,O
TIZLOSJ,X,X
TIZJLSO,X,X
TIZJLOS,X,O
TIZJSLO,X,X
TIZJSOL,X,X
TIZJOLS,X,O
TIZJOSL,X,X
TIZSLJO,X,X
TIZSLOJ,X,X
TIZSJLO,X,X
TIZSJOL,X,X
TIZSOLJ,X,X
TIZSOJL,X,X
TIZOLJS,X,O
TIZOLSJ,X,X
TIZOJLS,X,O
TIZOJSL,X,X
TIZOSLJ,X,X
TIZOSJL,X,X
TIOLJSZ,X,X
TIOLJZS,X,X
TIOLSJZ,X,X
TIOLSZJ,X,X
TIOLZJS,X,X
TIOLZSJ,X,X
TIOJLSZ,X,X
TIOJLZS,X,X
TIOJSLZ,X,X
TIOJSZL,X,X
TIOJZLS,X,X
TIOJZSL,X,X
TIOSLJZ,X,X
TIOSLZJ,X,X
TIOSJLZ,X,X
TIOSJZL,X,X
TIOSZLJ,X,X
TIOSZJL,X,X
TIOZLJS,X,X
TIOZLSJ,X,X
TIOZJLS,X,X
TIOZJSL,X,X
TIOZSLJ,X,X
TIOZSJL,X,X
TLIJSZO,O,X
TLIJSOZ,O,X
TLIJZSO,X,X
TLIJZOS,X,O
TLIJOSZ,X,X
TLIJOZS,X,X
TLISJZO,O,X
TLISJOZ,O,X
TLISZJO,X,X
TLISZOJ,X,X
TLISOJZ,X,X
TLISOZJ,X,X
TLIZJSO,X,X
TLIZJOS,X,O
TLIZSJO,X,X
TLIZSOJ,X,X
TLIZOJS,X,O
TLIZOSJ,X,X
TLIOJSZ,X,X
TLIOJZS,X,X
TLIOSJZ,X,X
TLIOSZJ,X,X
TLIOZJS,X,X
TLIOZSJ,X,X
TLJISZO,O,X
TLJISOZ,O,X
TLJIZSO,X,X
TLJIZOS,X,O
TLJIOSZ,X,X
TLJIOZS,X,X
TLJSIZO,O,X
TLJSIOZ,O,X
TLJSZIO,X,X
TLJSZOI,X,X
TLJSOIZ,X,X
TLJSOZI,X,X
TLJZISO,X,X
TLJZIOS,X,O
TLJZSIO,X,X
TLJZSOI,X,X
TLJZOIS,X,O
TLJZOSI,X,X
TLJOISZ,X,X
TLJOIZS,X,X
TLJOSIZ,X,X
TLJOSZI,X,X
TLJOZIS,X,X
TLJOZSI,X,X
TLSIJZO,O,X
TLSIJOZ,O,X
TLSIZJO,X,X
TLSIZOJ,X,X
TLSIOJZ,X,X
TLSIOZJ,X,X
TLSJIZO,O,X
TLSJIOZ,O,X
TLSJZIO,X,X
TLSJZOI,X,X
TLSJOIZ,X,X
TLSJOZI,X,X
TLSZIJO,X,X
TLSZIOJ,X,X
TLSZJIO,X,X
TLSZJOI,X,X
TLSZOIJ,X,X
TLSZOJI,X,X
TLSOIJZ,X,X
TLSOIZJ,X,X
TLSOJIZ,X,X
TLSOJZI,X,X
TLSOZIJ,X,X
TLSOZJI,X,X
TLZIJSO,X,X
TLZIJOS,X,O
TLZISJO,X,X
TLZISOJ,X,X
TLZIOJS,X,O
TLZIOSJ,X,X
TLZJISO,X,X
TLZJIOS,X,O
TLZJSIO,X,X
TLZJSOI,X,X
TLZJOIS,X,O
TLZJOSI,X,X
TLZSIJO,X,X
TLZSIOJ,X,X
TLZSJIO,X,X
TLZSJOI,X,X
TLZSOIJ,X,X
TLZSOJI,X,X
TLZOIJS,X,O
TLZOISJ,X,X
TLZOJIS,X,O
TLZOJSI,X,X
TLZOSIJ,X,X
TLZOSJI,X,X
TLOIJSZ,X,X
TLOIJZS,X,X
TLOISJZ,X,X
TLOISZJ,X,X
TLOIZJS,X,X
TLOIZSJ,X,X
TLOJISZ,X,X
TLOJIZS,X,X
TLOJSIZ,X,X
TLOJSZI,X,X
TLOJZIS,X,X
TLOJZSI,X,X
TLOSIJZ,X,X
TLOSIZJ,X,X
TLOSJIZ,X,X
TLOSJZI,X,X
TLOSZIJ,X,X
TLOSZJI,X,X
TLOZIJS,X,X
TLOZISJ,X,X
TLOZJIS,X,X
TLOZJSI,X,X
TLOZSIJ,X,X
TLOZSJI,X,X
TJILSZO,O,X
TJILSOZ,O,X
TJILZSO,X,X
TJILZOS,X,O
TJILOSZ,X,X
TJILOZS,X,X
TJISLZO,O,X
TJISLOZ,O,X
TJISZLO,X,X
TJISZOL,X,X
TJISOLZ,X,X
TJISOZL,X,X
TJIZLSO,X,X
TJIZLOS,X,O
TJIZSLO,X,X
TJIZSOL,X,X
TJIZOLS,X,O
TJIZOSL,X,X
TJIOLSZ,X,X
TJIOLZS,X,X
TJIOSLZ,X,X
TJIOSZL,X,X
TJIOZLS,X,X
TJIOZSL,X,X
TJLISZO,O,X
TJLISOZ,O,X
TJLIZSO,X,X
TJLIZOS,X,O
TJLIOSZ,X,X
TJLIOZS,X,X
TJLSIZO,O,X
TJLSIOZ,O,X
TJLSZIO,X,X
TJLSZOI,X,X
TJLSOIZ,X,X
TJLSOZI,X,X
TJLZISO,X,X
TJLZIOS,X,O
TJLZSIO,X,X
TJLZSOI,X,X
TJLZOIS,X,O
TJLZOSI,X,X
TJLOISZ,X,X
TJLOIZS,X,X
TJLOSIZ,X,X
TJLOSZI,X,X
TJLOZIS,X,X
TJLOZSI,X,X
TJSILZO,O,X
TJSILOZ,O,X
TJSIZLO,X,X
TJSIZOL,X,X
TJSIOLZ,X,X
TJSIOZL,X,X
TJSLIZO,O,X
TJSLIOZ,O,X
TJSLZIO,X,X
TJSLZOI,X,X
TJSLOIZ,X,X
TJSLOZI,X,X
TJSZILO,X,X
TJSZIOL,X,X
TJSZLIO,X,X
TJSZLOI,X,X
TJSZOIL,X,X
TJSZOLI,X,X
TJSOILZ,X,X
TJSOIZL,X,X
TJSOLIZ,X,X
TJSOLZI,X,X
TJSOZIL,X,X
TJSOZLI,X,X
TJZILSO,X,X
TJZILOS,X,O
TJZISLO,X,X
TJZISOL,X,X
TJZIOLS,X,O
TJZIOSL,X,X
TJZLISO,X,X
TJZLIOS,X,O
TJZLSIO,X,X
TJZLSOI,X,X
TJZLOIS,X,O
TJZLOSI,X,X
TJZSILO,X,X
TJZSIOL,X,X
TJZSLIO,X,X
TJZSLOI,X,X
TJZSOIL,X,X
TJZSOLI,X,X
TJZOILS,X,O
TJZOISL,X,X
TJZOLIS,X,O
TJZOLSI,X,X
TJZOSIL,X,X
TJZOSLI,X,X
TJOILSZ,X,X
TJOILZS,X,X
TJOISLZ,X,X
TJOISZL,X,X
TJOIZLS,X,X
TJOIZSL,X,X
TJOLISZ,X,X
TJOLIZS,X,X
TJOLSIZ,X,X
TJOLSZI,X,X
TJOLZIS,X,X
TJOLZSI,X,X
TJOSILZ,X,X
TJOSIZL,X,X
TJOSLIZ,X,X
TJOSLZI,X,X
TJOSZIL,X,X
TJOSZLI,X,X
TJOZILS,X,X
TJOZISL,X,X
TJOZLIS,X,X
TJOZLSI,X,X
TJOZSIL,X,X
TJOZSLI,X,X
TSILJZO,O,X
TSILJOZ,O,X
TSILZJO,X,X
TSILZOJ,X,X
TSILOJZ,X,X
TSILOZJ,X,X
TSIJLZO,O,X
TSIJLOZ,O,X
TSIJZLO,X,X
TSIJZOL,X,X
TSIJOLZ,X,X
TSIJOZL,X,X
TSIZLJO,X,X
TSIZLOJ,X,X
TSIZJLO,X,X
TSIZJOL,X,X
TSIZOLJ,X,X
TSIZOJL,X,X
TSIOLJZ,X,X
TSIOLZJ,X,X
TSIOJLZ,X,X
TSIOJZL,X,X
TSIOZLJ,X,X
TSIOZJL,X,X
TSLIJZO,O,X
TSLIJOZ,O,X
TSLIZJO,X,X
TSLIZOJ,X,X
TSLIOJZ,X,X
TSLIOZJ,X,X
TSLJIZO,O,X
TSLJIOZ,O,X
TSLJZIO,X,X
TSLJZOI,X,X
TSLJOIZ,X,X
TSLJOZI,X,X
TSLZIJO,X,X
TSLZIOJ,X,X
TSLZJIO,X,X
TSLZJOI,X,X
TSLZOIJ,X,X
TSLZOJI,X,X
TSLOIJZ,X,X
TSLOIZJ,X,X
TSLOJIZ,X,X
TSLOJZI,X,X
TSLOZIJ,X,X
TSLOZJI,X,X
TSJILZO,O,X
TSJILOZ,O,X
TSJIZLO,X,X
TSJIZOL,X,X
TSJIOLZ,X,X
TSJIOZL,X,X
TSJLIZO,O,X
TSJLIOZ,O,X
TSJLZIO,X,X
TSJLZOI,X,X
TSJLOIZ,X,X
TSJLOZI,X,X
TSJZILO,X,X
TSJZIOL,X,X
TSJZLIO,X,X
TSJZLOI,X,X
TSJZOIL,X,X
TSJZOLI,X,X
TSJOILZ,X,X
TSJOIZL,X,X
TSJOLIZ,X,X
TSJOLZI,X,X
TSJOZIL,X,X
TSJOZLI,X,X
TSZILJO,X,X
TSZILOJ,X,X
TSZIJLO,X,X
TSZIJOL,X,X
TSZIOLJ,X,X
TSZIOJL,X,X
TSZLIJO,X,X
TSZLIOJ,X,X
TSZLJIO,X,X
TSZLJOI,X,X
TSZLOIJ,X,X
TSZLOJI,X,X
TSZJILO,X,X
TSZJIOL,X,X
TSZJLIO,X,X
TSZJLOI,X,X
TSZJOIL,X,X
TSZJOLI,X,X
TSZOILJ,X,X
TSZOIJL,X,X
TSZOLIJ,X,X
TSZOLJI,X,X
TSZOJIL,X,X
TSZOJLI,X,X
TSOILJZ,X,X
TSOILZJ,X,X
TSOIJLZ,X,X
TSOIJZL,X,X
TSOIZLJ,X,X
TSOIZJL,X,X
TSOLIJZ,X,X
TSOLIZJ,X,X
TSOLJIZ,X,X
TSOLJZI,X,X
TSOLZIJ,X,X
TSOLZJI,X,X
TSOJILZ,X,X
TSOJIZL,X,X
TSOJLIZ,X,X
TSOJLZI,X,X
TSOJZIL,X,X
TSOJZLI,X,X
TSOZILJ,X,X
TSOZIJL,X,X
TSOZLIJ,X,X
TSOZLJI,X,X
TSOZJIL,X,X
TSOZJLI,X,X
TZILJSO,X,X
TZILJOS,X,O
TZILSJO,X,X
TZILSOJ,X,X
TZILOJS,X,O
TZILOSJ,X,X
TZIJLSO,X,X
TZIJLOS,X,O
TZIJSLO,X,X
TZIJSOL,X,X
TZIJOLS,X,O
TZIJOSL,X,X
TZISLJO,X,X
TZISLOJ,X,X
TZISJLO,X,X
TZISJOL,X,X
TZISOLJ,X,X
TZISOJL,X,X
TZIOLJS,X,O
TZIOLSJ,X,X
TZIOJLS,X,O
TZIOJSL,X,X
TZIOSLJ,X,X
TZIOSJL,X,X
TZLIJSO,X,X
TZLIJOS,X,O
TZLISJO,X,X
TZLISOJ,X,X
TZLIOJS,X,O
TZLIOSJ,X,X
TZLJISO,X,X
TZLJIOS,X,O
TZLJSIO,X,X
TZLJSOI,X,X
TZLJOIS,X,O
TZLJOSI,X,X
TZLSIJO,X,X
TZLSIOJ,X,X
TZLSJIO,X,X
TZLSJOI,X,X
TZLSOIJ,X,X
TZLSOJI,X,X
TZLOIJS,X,O
TZLOISJ,X,X
TZLOJIS,X,O
TZLOJSI,X,X
TZLOSIJ,X,X
TZLOSJI,X,X
TZJILSO,X,X
TZJILOS,X,O
TZJISLO,X,X
TZJISOL,X,X
TZJIOLS,X,O
TZJIOSL,X,X
TZJLISO,X,X
TZJLIOS,X,O
TZJLSIO,X,X
TZJLSOI,X,X
TZJLOIS,X,O
TZJLOSI,X,X
TZJSILO,X,X
TZJSIOL,X,X
TZJSLIO,X,X
TZJSLOI,X,X
TZJSOIL,X,X
TZJSOLI,X,X
TZJOILS,X,O
TZJOISL,X,X
TZJOLIS,X,O
TZJOLSI,X,X
TZJOSIL,X,X
TZJOSLI,X,X
TZSILJO,X,X
TZSILOJ,X,X
TZSIJLO,X,X
TZSIJOL,X,X
TZSIOLJ,X,X
TZSIOJL,X,X
TZSLIJO,X,X
TZSLIOJ,X,X
TZSLJIO,X,X
TZSLJOI,X,X
TZSLOIJ,X,X
TZSLOJI,X,X
TZSJILO,X,X
TZSJIOL,X,X
TZSJLIO,X,X
TZSJLOI,X,X
TZSJOIL,X,X
TZSJOLI,X,X
TZSOILJ,X,X
TZSOIJL,X,X
TZSOLIJ,X,X
TZSOLJI,X,X
TZSOJIL,X,X
TZSOJLI,X,X
TZOILJS,X,O
TZOILSJ,X,X
TZOIJLS,X,O
TZOIJSL,X,X
TZOISLJ,X,X
TZOISJL,X,X
TZOLIJS,X,O
TZOLISJ,X,X
TZOLJIS,X,O
TZOLJSI,X,X
TZOLSIJ,X,X
TZOLSJI,X,X
TZOJILS,X,O
TZOJISL,X,X
TZOJLIS,X,O
TZOJLSI,X,X
TZOJSIL,X,X
TZOJSLI,X,X
TZOSILJ,X,X
TZOSIJL,X,X
TZOSLIJ,X,X
TZOSLJI,X,X
TZOSJIL,X,X
TZOSJLI,X,X
TOILJSZ,X,X
TOILJZS,X,X
TOILSJZ,X,X
TOILSZJ,X,X
TOILZJS,X,X
TOILZSJ,X,X
TOIJLSZ,X,X
TOIJLZS,X,X
TOIJSLZ,X,X
TOIJSZL,X,X
TOIJZLS,X,X
TOIJZSL,X,X
TOISLJZ,X,X
TOISLZJ,X,X
TOISJLZ,X,X
TOISJZL,X,X
TOISZLJ,X,X
TOISZJL,X,X
TOIZLJS,X,X
TOIZLSJ,X,X
TOIZJLS,X,X
TOIZJSL,X,X
TOIZSLJ,X,X
TOIZSJL,X,X
TOLIJSZ,X,X
TOLIJZS,X,X
TOLISJZ,X,X
TOLISZJ,X,X
TOLIZJS,X,X
TOLIZSJ,X,X
TOLJISZ,X,X
TOLJIZS,X,X
TOLJSIZ,X,X
TOLJSZI,X,X
TOLJZIS,X,X
TOLJZSI,X,X
TOLSIJZ,X,X
TOLSIZJ,X,X
TOLSJIZ,X,X
TOLSJZI,X,X
TOLSZIJ,X,X
TOLSZJI,X,X
TOLZIJS,X,X
TOLZISJ,X,X
TOLZJIS,X,X
TOLZJSI,X,X
TOLZSIJ,X,X
TOLZSJI,X,X
TOJILSZ,X,X
TOJILZS,X,X
TOJISLZ,X,X
TOJISZL,X,X
TOJIZLS,X,X
TOJIZSL,X,X
TOJLISZ,X,X
TOJLIZS,X,X
TOJLSIZ,X,X
TOJLSZI,X,X
TOJLZIS,X,X
TOJLZSI,X,X
TOJSILZ,X,X
TOJSIZL,X,X
TOJSLIZ,X,X
TOJSLZI,X,X
TOJSZIL,X,X
TOJSZLI,X,X
TOJZILS,X,X
TOJZISL,X,X
TOJZLIS,X,X
TOJZLSI,X,X
TOJZSIL,X,X
TOJZSLI,X,X
TOSILJZ,X,X
TOSILZJ,X,X
TOSIJLZ,X,X
TOSIJZL,X,X
TOSIZLJ,X,X
TOSIZJL,X,X
TOSLIJZ,X,X
TOSLIZJ,X,X
TOSLJIZ,X,X
TOSLJZI,X,X
TOSLZIJ,X,X
TOSLZJI,X,X
TOSJILZ,X,X
TOSJIZL,X,X
TOSJLIZ,X,X
TOSJLZI,X,X
TOSJZIL,X,X
TOSJZLI,X,X
TOSZILJ,X,X
TOSZIJL,X,X
TOSZLIJ,X,X
TOSZLJI,X,X
TOSZJIL,X,X
TOSZJLI,X,X
TOZILJS,X,X
TOZILSJ,X,X
TOZIJLS,X,X
TOZIJSL,X,X
TOZISLJ,X,X
TOZISJL,X,X
TOZLIJS,X,X
TOZLISJ,X,X
TOZLJIS,X,X
TOZLJSI,X,X
TOZLSIJ,X,X
TOZLSJI,X,X
TOZJILS,X,X
TOZJISL,X,X
TOZJLIS,X,X
TOZJLSI,X,X
TOZJSIL,X,X
TOZJSLI,X,X
TOZSILJ,X,X
TOZSIJL,X,X
TOZSLIJ,X,X
TOZSLJI,X,X
TOZSJIL,X,X
TOZSJLI,X,X
ITLJSZO,O,X
ITLJSOZ,O,X
ITLJZSO,X,X
ITLJZOS,X,O
ITLJOSZ,X,X
ITLJOZS,X,X
ITLSJZO,O,X
ITLSJOZ,O,X
ITLSZJO,X,X
ITLSZOJ,X,X
ITLSOJZ,X,X
ITLSOZJ,X,X
ITLZJSO,X,X
ITLZJOS,X,O
ITLZSJO,X,X
ITLZSOJ,X,X
ITLZOJS,X,O
ITLZOSJ,X,X
ITLOJSZ,X,X
ITLOJZS,X,X
ITLOSJZ,X,X
ITLOSZJ,X,X
ITLOZJS,X,X
ITLOZSJ,X,X
ITJLSZO,O,X
ITJLSOZ,O,X
ITJLZSO,X,X
ITJLZOS,X,O
ITJLOSZ,X,X
ITJLOZS,X,X
ITJSLZO,O,X
ITJSLOZ,O,X
ITJSZLO,X,X
ITJSZOL,X,X
ITJSOLZ,X,X
ITJSOZL,X,X
ITJZLSO,X,X
ITJZLOS,X,O
ITJZSLO,X,X
ITJZSOL,X,X
ITJZOLS,X,O
ITJZOSL,X,X
ITJOLSZ,X,X
ITJOLZS,X,X
ITJOSLZ,X,X
ITJOSZL,X,X
ITJOZLS,X,X
ITJOZSL,X,X
ITSLJZO,O,X
ITSLJOZ,O,X
ITSLZJO,X,X
ITSLZOJ,X,X
ITSLOJZ,X,X
ITSLOZJ,X,X
ITSJLZO,O,X
ITSJLOZ,O,X
ITSJZLO,X,X
ITSJZOL,X,X
ITSJOLZ,X,X
ITSJOZL,X,X
ITSZLJO,X,X
ITSZLOJ,X,X
ITSZJLO,X,X
ITSZJOL,X,X
ITSZOLJ,X,X
ITSZOJL,X,X
ITSOLJZ,X,X
ITSOLZJ,X,X
ITSOJLZ,X,X
ITSOJZL,X,X
ITSOZLJ,X,X
ITSOZJL,X,X
ITZLJSO,X,X
ITZLJOS,X,O
ITZLSJO,X,X
ITZLSOJ,X,X
ITZLOJS,X,O
ITZLOSJ,X,X
ITZJLSO,X,X
ITZJLOS,X,O
ITZJSLO,X,X
ITZJSOL,X,X
ITZJOLS,X,O
ITZJOSL,X,X
ITZSLJO,X,X
ITZSLOJ,X,X
ITZSJLO,X,X
ITZSJOL,X,X
ITZSOLJ,X,X
ITZSOJL,X,X
ITZOLJS,X,O
ITZOLSJ,X,X
ITZOJLS,X,O
ITZOJSL,X,X
ITZOSLJ,X,X
ITZOSJL,X,X
ITOLJSZ,X,X
ITOLJZS,X,X
ITOLSJZ,X,X
ITOLSZJ,X,X
ITOLZJS,X,X
ITOLZSJ,X,X
ITOJLSZ,X,X
ITOJLZS,X,X
ITOJSLZ,X,X
ITOJSZL,X,X
ITOJZLS,X,X
ITOJZSL,X,X
ITOSLJZ,X,X
ITOSLZJ,X,X
ITOSJLZ,X,X
ITOSJZL,X,X
ITOSZLJ,X,X
ITOSZJL,X,X
ITOZLJS,X,X
ITOZLSJ,X,X
ITOZJLS,X,X
ITOZJSL,X,X
ITOZSLJ,X,X
ITOZSJL,X,X
ILTJSZO,O,X
ILTJSOZ,O,X
ILTJZSO,X,X
ILTJZOS,X,O
ILTJOSZ,X,X
ILTJOZS,X,X
ILTSJZO,O,X
ILTSJOZ,O,X
ILTSZJO,X,X
ILTSZOJ,X,X
ILTSOJZ,X,X
ILTSOZJ,X,X
ILTZJSO,X,X
ILTZJOS,X,O
ILTZSJO,X,X
ILTZSOJ,X,X
ILTZOJS,X,O
ILTZOSJ,X,X
ILTOJSZ,X,X
ILTOJZS,X,X
ILTOSJZ,X,X
ILTOSZJ,X,X
ILTOZJS,X,X
ILTOZSJ,X,X
ILJTSZO,O,X
ILJTSOZ,O,X
ILJTZSO,X,X
ILJTZOS,X,O
ILJTOSZ,X,X
ILJTOZS,X,X
ILJSTZO,O,X
ILJSTOZ,O,X
ILJSZTO,O,X
ILJSZOT,O,O
ILJSOTZ,O,X
ILJSOZT,O,X
ILJZTSO,X,X
ILJZTOS,X,O
ILJZSTO,O,X
ILJZSOT,O,O
ILJZOTS,X,O
ILJZOST,X,O
ILJOTSZ,X,X
ILJOTZS,X,X
ILJOSTZ,O,X
ILJOSZT,O,X
ILJOZTS,X,O
ILJOZST,X,O
ILSTJZO,O,X
ILSTJOZ,O,X
ILSTZJO,X,X
ILSTZOJ,X,X
ILSTOJZ,X,X
ILSTOZJ,X,X
ILSJTZO,O,X
ILSJTOZ,O,X
ILSJZTO,O,X
ILSJZOT,O,O
ILSJOTZ,O,X
ILSJOZT,O,X
ILSZTJO,X,X
ILSZTOJ,X,X
ILSZJTO,O,X
ILSZJOT,O,O
ILSZOTJ,X,X
ILSZOJT,X,O
ILSOTJZ,X,X
ILSOTZJ,X,X
ILSOJTZ,O,X
ILSOJZT,O,X
ILSOZTJ,X,X
ILSOZJT,X,X
ILZTJSO,X,X
ILZTJOS,X,O
ILZTSJO,X,X
ILZTSOJ,X,X
ILZTOJS,X,O
ILZTOSJ,X,X
ILZJTSO,X,X
ILZJTOS,X,O
ILZJSTO,O,X
ILZJSOT,O,O
ILZJOTS,X,O
ILZJOST,X,O
ILZSTJO,X,X
ILZSTOJ,X,X
ILZSJTO,O,X
ILZSJOT,O,O
ILZSOTJ,X,X
ILZSOJT,X,O
ILZOTJS,X,O
ILZOTSJ,X,X
ILZOJTS,X,O
ILZOJST,X,O
ILZOSTJ,X,X
ILZOSJT,X,O
ILOTJSZ,X,X
ILOTJZS,X,X
ILOTSJZ,X,X
ILOTSZJ,X,X
ILOTZJS,X,X
ILOTZSJ,X,X
ILOJTSZ,X,X
ILOJTZS,X,X
ILOJSTZ,O,X
ILOJSZT,O,X
ILOJZTS,X,O
ILOJZST,X,O
ILOSTJZ,X,X
ILOSTZJ,X,X
ILOSJTZ,O,X
ILOSJZT,O,X
ILOSZTJ,X,X
ILOSZJT,X,X
ILOZTJS,X,O
ILOZTSJ,X,X
ILOZJTS,X,O
ILOZJST,X,O
ILOZSTJ,X,X
ILOZSJT,X,O
IJTLSZO,O,X
IJTLSOZ,O,X
IJTLZSO,X,X
IJTLZOS,X,O
IJTLOSZ,X,X
IJTLOZS,X,X
IJTSLZO,O,X
IJTSLOZ,O,X
IJTSZLO,X,X
IJTSZOL,X,X
IJTSOLZ,X,X
IJTSOZL,X,X
IJTZLSO,X,X
IJTZLOS,X,O
IJTZSLO,X,X
IJTZSOL,X,X
IJTZOLS,X,O
IJTZOSL,X,X
IJTOLSZ,X,X
IJTOLZS,X,X
IJTOSLZ,X,X
IJTOSZL,X,X
IJTOZLS,X,X
IJTOZSL,X,X
IJLTSZO,O,X
IJLTSOZ,O,X
IJLTZSO,X,X
IJLTZOS,X,O
IJLTOSZ,X,X
IJLTOZS,X,X
IJLSTZO,O,X
IJLSTOZ,O,X
IJLSZTO,O,X
IJLSZOT,O,O
IJLSOTZ,O,X
IJLSOZT,O,X
IJLZTSO,X,X
IJLZTOS,X,O
IJLZSTO,O,X
IJLZSOT,O,O
IJLZOTS,X,O
IJLZOST,X,O
IJLOTSZ,X,X
IJLOTZS,X,X
IJLOSTZ,O,X
IJLOSZT,O,X
IJLOZTS,X,O
IJLOZST,X,O
IJSTLZO,O,X
IJSTLOZ,O,X
IJSTZLO,X,X
IJSTZOL,X,X
IJSTOLZ,X,X
IJSTOZL,X,X
IJSLTZO,O,X
IJSLTOZ,O,X
IJSLZTO,O,X
IJSLZOT,O,O
IJSLOTZ,O,X
IJSLOZT,O,X
IJSZTLO,X,X
IJSZTOL,X,X
IJSZLTO,O,X
IJSZLOT,O,O
IJSZOTL,X,X
IJSZOLT,X,O
IJSOTLZ,X,X
IJSOTZL,X,X
IJSOLTZ,O,X
IJSOLZT,O,X
IJSOZTL,X,X
IJSOZLT,X,X
IJZTLSO,X,X
IJZTLOS,X,O
IJZTSLO,X,X
IJZTSOL,X,X
IJZTOLS,X,O
IJZTOSL,X,X
IJZLTSO,X,X
IJZLTOS,X,O
IJZLSTO,O,X
IJZLSOT,O,O
IJZLOTS,X,O
IJZLOST,X,O
IJZSTLO,X,X
IJZSTOL,X,X
IJZSLTO,O,X
IJZSLOT,O,O
IJZSOTL,X,X
IJZSOLT,X,O
IJZOTLS,X,O
IJZOTSL,X,X
IJZOLTS,X,O
IJZOLST,X,O
IJZOSTL,X,X
IJZOSLT,X,O
IJOTLSZ,X,X
IJOTLZS,X,X
IJOTSLZ,X,X
IJOTSZL,X,X
IJOTZLS,X,X
IJOTZSL,X,X
IJOLTSZ,X,X
IJOLTZS,X,X
IJOLSTZ,O,X
IJOLSZT,O,X
IJOLZTS,X,O
IJOLZST,X,O
IJOSTLZ,X,X
IJOSTZL,X,X
IJOSLTZ,O,X
IJOSLZT,O,X
IJOSZTL,X,X
IJOSZLT,X,X
IJOZTLS,X,O
IJOZTSL,X,X
IJOZLTS,X,O
IJOZLST,X,O
IJOZSTL,X,X
IJOZSLT,X,O
ISTLJZO,O,X
ISTLJOZ,O,X
ISTLZJO,X,X
ISTLZOJ,X,X
ISTLOJZ,X,X
ISTLOZJ,X,X
ISTJLZO,O,X
ISTJLOZ,O,X
ISTJZLO,X,X
ISTJZOL,X,X
ISTJOLZ,X,X
ISTJOZL,X,X
ISTZLJO,X,X
ISTZLOJ,X,X
ISTZJLO,X,X
ISTZJOL,X,X
ISTZOLJ,X,X
ISTZOJL,X,X
ISTOLJZ,X,X
ISTOLZJ,X,X
ISTOJLZ,X,X
ISTOJZL,X,X
ISTOZLJ,X,X
ISTOZJL,X,X
ISLTJZO,O,X
ISLTJOZ,O,X
ISLTZJO,X,X
ISLTZOJ,X,X
ISLTOJZ,X,X
ISLTOZJ,X,X
ISLJTZO,O,X
ISLJTOZ,O,X
ISLJZTO,O,X
ISLJZOT,O,O
ISLJOTZ,O,X
ISLJOZT,O,X
ISLZTJO,X,X
ISLZTOJ,X,X
ISLZJTO,O,X
ISLZJOT,O,O
ISLZOTJ,X,X
ISLZOJT,X,O
ISLOTJZ,X,X
ISLOTZJ,X,X
ISLOJTZ,O,X
ISLOJZT,O,X
ISLOZTJ,X,X
ISLOZJT,X,X
ISJTLZO,O,X
ISJTLOZ,O,X
ISJTZLO,X,X
ISJTZOL,X,X
ISJTOLZ,X,X
ISJTOZL,X,X
ISJLTZO,O,X
ISJLTOZ,O,X
ISJLZTO,O,X
ISJLZOT,O,O
ISJLOTZ,O,X
ISJLOZT,O,X
ISJZTLO,X,X
ISJZTOL,X,X
ISJZLTO,O,X
ISJZLOT,O,O
ISJZOTL,X,X
ISJZOLT,X,O
ISJOTLZ,X,X
ISJOTZL,X,X
ISJOLTZ,O,X
ISJOLZT,O,X
ISJOZTL,X,X
ISJOZLT,X,X
ISZTLJO,X,X
ISZTLOJ,X,X
ISZTJLO,X,X
ISZTJOL,X,X
ISZTOLJ,X,X
ISZTOJL,X,X
ISZLTJO,X,X
ISZLTOJ,X,X
ISZLJTO,O,X
ISZLJOT,O,O
ISZLOTJ,X,X
ISZLOJT,X,O
ISZJTLO,X,X
ISZJTOL,X,X
ISZJLTO,O,X
ISZJLOT,O,O
ISZJOTL,X,X
ISZJOLT,X,O
ISZOTLJ,X,X
ISZOTJL,X,X
ISZOLTJ,X,X
ISZOLJT,X,O
ISZOJTL,X,X
ISZOJLT,X,O
ISOTLJZ,X,X
ISOTLZJ,X,X
ISOTJLZ,X,X
ISOTJZL,X,X
ISOTZLJ,X,X
ISOTZJL,X,X
ISOLTJZ,X,X
ISOLTZJ,X,X
ISOLJTZ,O,X
ISOLJZT,O,X
ISOLZTJ,X,X
ISOLZJT,X,X
ISOJTLZ,X,X
ISOJTZL,X,X
ISOJLTZ,O,X
ISOJLZT,O,X
ISOJZTL,X,X
ISOJZLT,X,X
ISOZTLJ,X,X
ISOZTJL,X,X
ISOZLTJ,X,X
ISOZLJT,X,X
ISOZJTL,X,X
ISOZJLT,X,X
IZTLJSO,X,X
IZTLJOS,X,O
IZTLSJO,X,X
IZTLSOJ,X,X
IZTLOJS,X,O
IZTLOSJ,X,X
IZTJLSO,X,X
IZTJLOS,X,O
IZTJSLO,X,X
IZTJSOL,X,X
IZTJOLS,X,O
IZTJOSL,X,X
IZTSLJO,X,X
IZTSLOJ,X,X
IZTSJLO,X,X
IZTSJOL,X,X
IZTSOLJ,X,X
IZTSOJL,X,X
IZTOLJS,X,O
IZTOLSJ,X,X
IZTOJLS,X,O
IZTOJSL,X,X
IZTOSLJ,X,X
IZTOSJL,X,X
IZLTJSO,X,X
IZLTJOS,X,O
IZLTSJO,X,X
IZLTSOJ,X,X
IZLTOJS,X,O
IZLTOSJ,X,X
IZLJTSO,X,X
IZLJTOS,X,O
IZLJSTO,O,X
IZLJSOT,O,O
IZLJOTS,X,O
IZLJOST,X,O
IZLSTJO,X,X
IZLSTOJ,X,X
IZLSJTO,O,X
IZLSJOT,O,O
IZLSOTJ,X,X
IZLSOJT,X,O
IZLOTJS,X,O
IZLOTSJ,X,X
IZLOJTS,X,O
IZLOJST,X,O
IZLOSTJ,X,X
IZLOSJT,X,O
IZJTLSO,X,X
IZJTLOS,X,O
IZJTSLO,X,X
IZJTSOL,X,X
IZJTOLS,X,O
IZJTOSL,X,X
IZJLTSO,X,X
IZJLTOS,X,O
IZJLSTO,O,X
IZJLSOT,O,O
IZJLOTS,X,O
IZJLOST,X,O
IZJSTLO,X,X
IZJSTOL,X,X
IZJSLTO,O,X
IZJSLOT,O,O
IZJSOTL,X,X
IZJSOLT,X,O
IZJOTLS,X,O
IZJOTSL,X,X
IZJOLTS,X,O
IZJOLST,X,O
IZJOSTL,X,X
IZJOSLT,X,O
IZSTLJO,X,X
IZSTLOJ,X,X
IZSTJLO,X,X
IZSTJOL,X,X
IZSTOLJ,X,X
IZSTOJL,X,X
IZSLTJO,X,X
IZSLTOJ,X,X
IZSLJTO,O,X
IZSLJOT,O,O
IZSLOTJ,X,X
IZSLOJT,X,O
IZSJTLO,X,X
IZSJTOL,X,X
IZSJLTO,O,X
IZSJLOT,O,O
IZSJOTL,X,X
IZSJOLT,X,O
IZSOTLJ,X,X
IZSOTJL,X,X
IZSOLTJ,X,X
IZSOLJT,X,O
IZSOJTL,X,X
IZSOJLT,X,O
IZOTLJS,X,O
IZOTLSJ,X,X
IZOTJLS,X,O
IZOTJSL,X,X
IZOTSLJ,X,X
IZOTSJL,X,X
IZOLTJS,X,O
IZOLTSJ,X,X
IZOLJTS,X,O
IZOLJST,X,O
IZOLSTJ,X,X
IZOLSJT,X,O
IZOJTLS,X,O
IZOJTSL,X,X
IZOJLTS,X,O
IZOJLST,X,O
IZOJSTL,X,X
IZOJSLT,X,O
IZOSTLJ,X,X
IZOSTJL,X,X
IZOSLTJ,X,X
IZOSLJT,X,O
IZOSJTL,X,X
IZOSJLT,X,O
IOTLJSZ,X,X
IOTLJZS,X,X
IOTLSJZ,X,X
IOTLSZJ,X,X
IOTLZJS,X,X
IOTLZSJ,X,X
IOTJLSZ,X,X
IOTJLZS,X,X
IOTJSLZ,X,X
IOTJSZL,X,X
IOTJZLS,X,X
IOTJZSL,X,X
IOTSLJZ,X,X
IOTSLZJ,X,X
IOTSJLZ,X,X
IOTSJZL,X,X
IOTSZLJ,X,X
IOTSZJL,X,X
IOTZLJS,X,X
IOTZLSJ,X,X
IOTZJLS,X,X
IOTZJSL,X,X
IOTZSLJ,X,X
IOTZSJL,X,X
IOLTJSZ,X,X
IOLTJZS,X,X
IOLTSJZ,X,X
IOLTSZJ,X,X
IOLTZJS,X,X
IOLTZSJ,X,X
IOLJTSZ,X,X
IOLJTZS,X,X
IOLJSTZ,O,X
IOLJSZT,O,X
IOLJZTS,X,O
IOLJZST,X,O
IOLSTJZ,X,X
IOLSTZJ,X,X
IOLSJTZ,O,X
IOLSJZT,O,X
IOLSZTJ,X,X
IOLSZJT,X,X
IOLZTJS,X,O
IOLZTSJ,X,X
IOLZJTS,X,O
IOLZJST,X,O
IOLZSTJ,X,X
IOLZSJT,X,O
IOJTLSZ,X,X
IOJTLZS,X,X
IOJTSLZ,X,X
IOJTSZL,X,X
IOJTZLS,X,X
IOJTZSL,X,X
IOJLTSZ,X,X
IOJLTZS,X,X
IOJLSTZ,O,X
IOJLSZT,O,X
IOJLZTS,X,O
IOJLZST,X,O
IOJSTLZ,X,X
IOJSTZL,X,X
IOJSLTZ,O,X
IOJSLZT,O,X
IOJSZTL,X,X
IOJSZLT,X,X
IOJZTLS,X,O
IOJZTSL,X,X
IOJZLTS,X,O
IOJZLST,X,O
IOJZSTL,X,X
IOJZSLT,X,O
IOSTLJZ,X,X
IOSTLZJ,X,X
IOSTJLZ,X,X
IOSTJZL,X,X
IOSTZLJ,X,X
IOSTZJL,X,X
IOSLTJZ,X,X
IOSLTZJ,X,X
IOSLJTZ,O,X
IOSLJZT,O,X
IOSLZTJ,X,X
IOSLZJT,X,X
IOSJTLZ,X,X
IOSJTZL,X,X
IOSJLTZ,O,X
IOSJLZT,O,X
IOSJZTL,X,X
IOSJZLT,X,X
IOSZTLJ,X,X
IOSZTJL,X,X
IOSZLTJ,X,X
IOSZLJT,X,X
IOSZJTL,X,X
IOSZJLT,X,X
IOZTLJS,X,O
IOZTLSJ,X,X
IOZTJLS,X,O
IOZTJSL,X,X
IOZTSLJ,X,X
IOZTSJL,X,X
IOZLTJS,X,O
IOZLTSJ,X,X
IOZLJTS,X,O
IOZLJST,X,O
IOZLSTJ,X,X
IOZLSJT,X,O
IOZJTLS,X,O
IOZJTSL,X,X
IOZJLTS,X,O
IOZJLST,X,O
IOZJSTL,X,X
IOZJSLT,X,O
IOZSTLJ,X,X
IOZSTJL,X,X
IOZSLTJ,X,X
IOZSLJT,X,O
IOZSJTL,X,X
IOZSJLT,X,O
LTIJSZO,O,X
LTIJSOZ,O,X
LTIJZSO,X,X
LTIJZOS,X,O
LTIJOSZ,X,X
LTIJOZS,X,X
LTISJZO,O,X
LTISJOZ,O,X
LTISZJO,X,X
LTISZOJ,X,X
LTISOJZ,X,X
LTISOZJ,X,X
LTIZJSO,X,X
LTIZJOS,X,O
LTIZSJO,X,X
LTIZSOJ,X,X
LTIZOJS,X,O
LTIZOSJ,X,X
LTIOJSZ,X,X
LTIOJZS,X,X
LTIOSJZ,X,X
LTIOSZJ,X,X
LTIOZJS,X,X
LTIOZSJ,X,X
LTJISZO,O,X
LTJISOZ,O,X
LTJIZSO,X,X
LTJIZOS,X,O
LTJIOSZ,X,X
LTJIOZS,X,X
LTJSIZO,O,X
LTJSIOZ,O,X
LTJSZIO,X,X
LTJSZOI,X,X
LTJSOIZ,X,X
LTJSOZI,X,X
LTJZISO,X,X
LTJZIOS,X,O
LTJZSIO,X,X
LTJZSOI,X,X
LTJZOIS,X,O
LTJZOSI,X,X
LTJOISZ,X,X
LTJOIZS,X,X
LTJOSIZ,X,X
LTJOSZI,X,X
LTJOZIS,X,X
LTJOZSI,X,X
LTSIJZO,O,X
LTSIJOZ,O,X
LTSIZJO,X,X
LTSIZOJ,X,X
LTSIOJZ,X,X
LTSIOZJ,X,X
LTSJIZO,O,X
LTSJIOZ,O,X
LTSJZIO,X,X
LTSJZOI,X,X
LTSJOIZ,X,X
LTSJOZI,X,X
LTSZIJO,X,X
LTSZIOJ,X,X
LTSZJIO,X,X
LTSZJOI,X,X
LTSZOIJ,X,X
LTSZOJI,X,X
LTSOIJZ,X,X
LTSOIZJ,X,X
LTSOJIZ,X,X
LTSOJZI,X,X
LTSOZIJ,X,X
LTSOZJI,X,X
LTZIJSO,X,X
LTZIJOS,X,O
LTZISJO,X,X
LTZISOJ,X,X
LTZIOJS,X,O
LTZIOSJ,X,X
LTZJISO,X,X
LTZJIOS,X,O
LTZJSIO,X,X
LTZJSOI,X,X
LTZJOIS,X,O
LTZJOSI,X,X
LTZSIJO,X,X
LTZSIOJ,X,X
LTZSJIO,X,X
LTZSJOI,X,X
LTZSOIJ,X,X
LTZSOJI,X,X
LTZOIJS,X,O
LTZOISJ,X,X
LTZOJIS,X,O
LTZOJSI,X,X
LTZOSIJ,X,X
LTZOSJI,X,X
LTOIJSZ,X,X
LTOIJZS,X,X
LTOISJZ,X,X
LTOISZJ,X,X
LTOIZJS,X,X
LTOIZSJ,X,X
LTOJISZ,X,X
LTOJIZS,X,X
LTOJSIZ,X,X
LTOJSZI,X,X
LTOJZIS,X,X
LTOJZSI,X,X
LTOSIJZ,X,X
LTOSIZJ,X,X
LTOSJIZ,X,X
LTOSJZI,X,X
LTOSZIJ,X,X
LTOSZJI,X,X
LTOZIJS,X,X
LTOZISJ,X,X
LTOZJIS,X,X
LTOZJSI,X,X
LTOZSIJ,X,X
LTOZSJI,X,X
LITJSZO,O,X
LITJSOZ,O,X
LITJZSO,X,X
LITJZOS,X,O
LITJOSZ,X,X
LITJOZS,X,X
LITSJZO,O,X
LITSJOZ,O,X
LITSZJO,X,X
LITSZOJ,X,X
LITSOJZ,X,X
LITSOZJ,X,X
LITZJSO,X,X
LITZJOS,X,O
LITZSJO,X,X
LITZSOJ,X,X
LITZOJS,X,O
LITZOSJ,X,X
LITOJSZ,X,X
LITOJZS,X,X
LITOSJZ,X,X
LITOSZJ,X,X
LITOZJS,X,X
LITOZSJ,X,X
LIJTSZO,O,X
LIJTSOZ,O,X
LIJTZSO,X,X
LIJTZOS,X,O
LIJTOSZ,X,X
LIJTOZS,X,X
LIJSTZO,O,X
LIJSTOZ,O,X
LIJSZTO,O,X
LIJSZOT,O,O
LIJSOTZ,O,X
LIJSOZT,O,X
LIJZTSO,X,X
LIJZTOS,X,O
LIJZSTO,O,X
LIJZSOT,O,O
LIJZOTS,X,O
LIJZOST,X,O
LIJOTSZ,X,X
LIJOTZS,X,X
LIJOSTZ,O,X
LIJOSZT,O,X
LIJOZTS,X,O
LIJOZST,X,O
LISTJZO,O,X
LISTJOZ,O,X
LISTZJO,X,X
LISTZOJ,X,X
LISTOJZ,X,X
LISTOZJ,X,X
LISJTZO,O,X
LISJTOZ,O,X
LISJZTO,O,X
LISJZOT,O,O
LISJOTZ,O,X
LISJOZT,O,X
LISZTJO,X,X
LISZTOJ,X,X
LISZJTO,O,X
LISZJOT,O,O
LISZOTJ,X,X
LISZOJT,X,O
LISOTJZ,X,X
LISOTZJ,X,X
LISOJTZ,O,X
LISOJZT,O,X
LISOZTJ,X,X
LISOZJT,X,X
LIZTJSO,X,X
LIZTJOS,X,O
LIZTSJO,X,X
LIZTSOJ,X,X
LIZTOJS,X,O
LIZTOSJ,X,X
LIZJTSO,X,X
LIZJTOS,X,O
LIZJSTO,O,X
LIZJSOT,O,O
LIZJOTS,X,O
LIZJOST,X,O
LIZSTJO,X,X
LIZSTOJ,X,X
LIZSJTO,O,X
LIZSJOT,O,O
LIZSOTJ,X,X
LIZSOJT,X,O
LIZOTJS,X,O
LIZOTSJ,X,X
LIZOJTS,X,O
LIZOJST,X,O
LIZOSTJ,X,X
LIZOSJT,X,O
LIOTJSZ,X,X
LIOTJZS,X,X
LIOTSJZ,X,X
LIOTSZJ,X,X
LIOTZJS,X,X
LIOTZSJ,X,X
LIOJTSZ,X,X
LIOJTZS,X,X
LIOJSTZ,O,X
LIOJSZT,O,X
LIOJZTS,X,O
LIOJZST,X,O
LIOSTJZ,X,X
LIOSTZJ,X,X
LIOSJTZ,O,X
LIOSJZT,O,X
LIOSZTJ,X,X
LIOSZJT,X,X
LIOZTJS,X,O
LIOZTSJ,X,X
LIOZJTS,X,O
LIOZJST,X,O
LIOZSTJ,X,X
LIOZSJT,X,O
LJTISZO,O,X
LJTISOZ,O,X
LJTIZSO,X,X
LJTIZOS,X,O
LJTIOSZ,X,X
LJTIOZS,X,X
LJTSIZO,O,X
LJTSIOZ,O,X
LJTSZIO,X,X
LJTSZOI,X,X
LJTSOIZ,X,X
LJTSOZI,X,X
LJTZISO,X,X
LJTZIOS,X,O
LJTZSIO,X,X
LJTZSOI,X,X
LJTZOIS,X,O
LJTZOSI,X,X
LJTOISZ,X,X
LJTOIZS,X,X
LJTOSIZ,X,X
LJTOSZI,X,X
LJTOZIS,X,X
LJTOZSI,X,X
LJITSZO,O,X
LJITSOZ,O,X
LJITZSO,X,X
LJITZOS,X,O
LJITOSZ,X,X
LJITOZS,X,X
LJISTZO,O,X
LJISTOZ,O,X
LJISZTO,O,X
LJISZOT,O,O
LJISOTZ,O,X
LJISOZT,O,X
LJIZTSO,X,X
LJIZTOS,X,O
LJIZSTO,O,X
LJIZSOT,O,O
LJIZOTS,X,O
LJIZOST,X,O
LJIOTSZ,X,X
LJIOTZS,X,X
LJIOSTZ,O,X
LJIOSZT,O,X
LJIOZTS,X,O
LJIOZST,X,O
LJSTIZO,O,X
LJSTIOZ,O,X
LJSTZIO,X,X
LJSTZOI,X,X
LJSTOIZ,X,X
LJSTOZI,X,X
LJSITZO,O,X
LJSITOZ,O,X
LJSIZTO,O,X
LJSIZOT,O,O
LJSIOTZ,O,X
LJSIOZT,O,X
LJSZTIO,X,X
LJSZTOI,X,X
LJSZITO,O,X
LJSZIOT,O,O
LJSZOTI,X,X
LJSZOIT,X,O
LJSOTIZ,X,X
LJSOTZI,X,X
LJSOITZ,O,X
LJSOIZT,O,X
LJSOZTI,X,X
LJSOZIT,X,X
LJZTISO,X,X
LJZTIOS,X,O
LJZTSIO,X,X
LJZTSOI,X,X
LJZTOIS,X,O
LJZTOSI,X,X
LJZITSO,X,X
LJZITOS,X,O
LJZISTO,O,X
LJZISOT,O,O
LJZIOTS,X,O
LJZIOST,X,O
LJZSTIO,X,X
LJZSTOI,X,X
LJZSITO,O,X
LJZSIOT,O,O
LJZSOTI,X,X
LJZSOIT,X,O
LJZOTIS,X,O
LJZOTSI,X,X
LJZOITS,X,O
LJZOIST,X,O
LJZOSTI,X,X
LJZOSIT,X,O
LJOTISZ,X,X
LJOTIZS,X,X
LJOTSIZ,X,X
LJOTSZI,X,X
LJOTZIS,X,X
LJOTZSI,X,X
LJOITSZ,X,X
LJOITZS,X,X
LJOISTZ,O,X
LJOISZT,O,X
LJOIZTS,X,O
LJOIZST,X,O
LJOSTIZ,X,X
LJOSTZI,X,X
LJOSITZ,O,X
LJOSIZT,O,X
LJOSZTI,X,X
LJOSZIT,X,X
LJOZTIS,X,O
LJOZTSI,X,X
LJOZITS,X,O
LJOZIST,X,O
LJOZSTI,X,X
LJOZSIT,X,O
LSTIJZO,O,X
LSTIJOZ,O,X
LSTIZJO,X,X
LSTIZOJ,X,X
LSTIOJZ,X,X
LSTIOZJ,X,X
LSTJIZO,O,X
LSTJIOZ,O,X
LSTJZIO,X,X
LSTJZOI,X,X
LSTJOIZ,X,X
LSTJOZI,X,X
LSTZIJO,X,X
LSTZIOJ,X,X
LSTZJIO,X,X
LSTZJOI,X,X
LSTZOIJ,X,X
LSTZOJI,X,X
LSTOIJZ,X,X
LSTOIZJ,X,X
LSTOJIZ,X,X
LSTOJZI,X,X
LSTOZIJ,X,X
LSTOZJI,X,X
LSITJZO,O,X
LSITJOZ,O,X
LSITZJO,X,X
LSITZOJ,X,X
LSITOJZ,X,X
LSITOZJ,X,X
LSIJTZO,O,X
LSIJTOZ,O,X
LSIJZTO,O,X
LSIJZOT,O,O
LSIJOTZ,O,X
LSIJOZT,O,X
LSIZTJO,X,X
LSIZTOJ,X,X
LSIZJTO,O,X
LSIZJOT,O,O
LSIZOTJ,X,X
LSIZOJT,X,O
LSIOTJZ,X,X
LSIOTZJ,X,X
LSIOJTZ,O,X
LSIOJZT,O,X
LSIOZTJ,X,X
LSIOZJT,X,X
LSJTIZO,O,X
LSJTIOZ,O,X
LSJTZIO,X,X
LSJTZOI,X,X
LSJTOIZ,X,X
LSJTOZI,X,X
LSJITZO,O,X
LSJITOZ,O,X
LSJIZTO,O,X
LSJIZOT,O,O
LSJIOTZ,O,X
LSJIOZT,O,X
LSJZTIO,X,X
LSJZTOI,X,X
LSJZITO,O,X
LSJZIOT,O,O
LSJZOTI,X,X
LSJZOIT,X,O
LSJOTIZ,X,X
LSJOTZI,X,X
LSJOITZ,O,X
LSJOIZT,O,X
LSJOZTI,X,X
LSJOZIT,X,X
LSZTIJO,X,X
LSZTIOJ,X,X
LSZTJIO,X,X
LSZTJOI,X,X
LSZTOIJ,X,X
LSZTOJI,X,X
LSZITJO,X,X
LSZITOJ,X,X
LSZIJTO,O,X
LSZIJOT,O,O
LSZIOTJ,X,X
LSZIOJT,X,O
LSZJTIO,X,X
LSZJTOI,X,X
LSZJITO,O,X
LSZJIOT,O,O
LSZJOTI,X,X
LSZJOIT,X,O
LSZOTIJ,X,X
LSZOTJI,X,X
LSZOITJ,X,X
LSZOIJT,X,O
LSZOJTI,X,X
LSZOJIT,X,O
LSOTIJZ,X,X
LSOTIZJ,X,X
LSOTJIZ,X,X
LSOTJZI,X,X
LSOTZIJ,X,X
LSOTZJI,X,X
LSOITJZ,X,X
LSOITZJ,X,X
LSOIJTZ,O,X
LSOIJZT,O,X
LSOIZTJ,X,X
LSOIZJT,X,X
LSOJTIZ,X,X
LSOJTZI,X,X
LSOJITZ,O,X
LSOJIZT,O,X
LSOJZTI,X,X
LSOJZIT,X,X
LSOZTIJ,X,X
LSOZTJI,X,X
LSOZITJ,X,X
LSOZIJT,X,X
LSOZJTI,X,X
LSOZJIT,X,X
LZTIJSO,X,X
LZTIJOS,X,O
LZTISJO,X,X
LZTISOJ,X,X
LZTIOJS,X,O
LZTIOSJ,X,X
LZTJISO,X,X
LZTJIOS,X,O
LZTJSIO,X,X
LZTJSOI,X,X
LZTJOIS,X,O
LZTJOSI,X,X
LZTSIJO,X,X
LZTSIOJ,X,X
LZTSJIO,X,X
LZTSJOI,X,X
LZTSOIJ,X,X
LZTSOJI,X,X
LZTOIJS,X,O
LZTOISJ,X,X
LZTOJIS,X,O
LZTOJSI,X,X
LZTOSIJ,X,X
LZTOSJI,X,X
LZITJSO,X,X
LZITJOS,X,O
LZITSJO,X,X
LZITSOJ,X,X
LZITOJS,X,O
LZITOSJ,X,X
LZIJTSO,X,X
LZIJTOS,X,O
LZIJSTO,O,X
LZIJSOT,O,O
LZIJOTS,X,O
LZIJOST,X,O
LZISTJO,X,X
LZISTOJ,X,X
LZISJTO,O,X
LZISJOT,O,O
LZISOTJ,X,X
LZISOJT,X,O
LZIOTJS,X,O
LZIOTSJ,X,X
LZIOJTS,X,O
LZIOJST,X,O
LZIOSTJ,X,X
LZIOSJT,X,O
LZJTISO,X,X
LZJTIOS,X,O
LZJTSIO,X,X
LZJTSOI,X,X
LZJTOIS,X,O
LZJTOSI,X,X
LZJITSO,X,X
LZJITOS,X,O
LZJISTO,O,X
LZJISOT,O,O
LZJIOTS,X,O
LZJIOST,X,O
LZJSTIO,X,X
LZJSTOI,X,X
LZJSITO,O,X
LZJSIOT,O,O
LZJSOTI,X,X
LZJSOIT,X,O
LZJOTIS,X,O
LZJOTSI,X,X
LZJOITS,X,O
LZJOIST,X,O
LZJOSTI,X,X
LZJOSIT,X,O
LZSTIJO,X,X
LZSTIOJ,X,X
LZSTJIO,X,X
LZSTJOI,X,X
LZSTOIJ,X,X
LZSTOJI,X,X
LZSITJO,X,X
LZSITOJ,X,X
LZSIJTO,O,X
LZSIJOT,O,O
LZSIOTJ,X,X
LZSIOJT,X,O
LZSJTIO,X,X
LZSJTOI,X,X
LZSJITO,O,X
LZSJIOT,O,O
LZSJOTI,X,X
LZSJOIT,X,O
LZSOTIJ,X,X
LZSOTJI,X,X
LZSOITJ,X,X
LZSOIJT,X,O
LZSOJTI,X,X
LZSOJIT,X,O
LZOTIJS,X,O
LZOTISJ,X,X
LZOTJIS,X,O
LZOTJSI,X,X
LZOTSIJ,X,X
LZOTSJI,X,X
LZOITJS,X,O
LZOITSJ,X,X
LZOIJTS,X,O
LZOIJST,X,O
LZOISTJ,X,X
LZOISJT,X,O
LZOJTIS,X,O
LZOJTSI,X,X
LZOJITS,X,O
LZOJIST,X,O
LZOJSTI,X,X
LZOJSIT,X,O
LZOSTIJ,X,X
LZOSTJI,X,X
LZOSITJ,X,X
LZOSIJT,X,O
LZOSJTI,X,X
LZOSJIT,X,O
LOTIJSZ,X,X
LOTIJZS,X,X
LOTISJZ,X,X
LOTISZJ,X,X
LOTIZJS,X,X
LOTIZSJ,X,X
LOTJISZ,X,X
LOTJIZS,X,X
LOTJSIZ,X,X
LOTJSZI,X,X
LOTJZIS,X,X
LOTJZSI,X,X
LOTSIJZ,X,X
LOTSIZJ,X,X
LOTSJIZ,X,X
LOTSJZI,X,X
LOTSZIJ,X,X
LOTSZJI,X,X
LOTZIJS,X,X
LOTZISJ,X,X
LOTZJIS,X,X
LOTZJSI,X,X
LOTZSIJ,X,X
LOTZSJI,X,X
LOITJSZ,X,X
LOITJZS,X,X
LOITSJZ,X,X
LOITSZJ,X,X
LOITZJS,X,X
LOITZSJ,X,X
LOIJTSZ,X,X
LOIJTZS,X,X
LOIJSTZ,O,X
LOIJSZT,O,X
LOIJZTS,X,O
LOIJZST,X,O
LOISTJZ,X,X
LOISTZJ,X,X
LOISJTZ,O,X
LOISJZT,O,X
LOISZTJ,X,X
LOISZJT,X,X
LOIZTJS,X,O
LOIZTSJ,X,X
LOIZJTS,X,O
LOIZJST,X,O
LOIZSTJ,X,X
LOIZSJT,X,O
LOJTISZ,X,X
LOJTIZS,X,X
LOJTSIZ,X,X
LOJTSZI,X,X
LOJTZIS,X,X
LOJTZSI,X,X
LOJITSZ,X,X
LOJITZS,X,X
LOJISTZ,O,X
LOJISZT,O,X
LOJIZTS,X,O
LOJIZST,X,O
LOJSTIZ,X,X
LOJSTZI,X,X
LOJSITZ,O,X
LOJSIZT,O,X
LOJSZTI,X,X
LOJSZIT,X,X
LOJZTIS,X,O
LOJZTSI,X,X
LOJZITS,X,O
LOJZIST,X,O
LOJZSTI,X,X
LOJZSIT,X,O
LOSTIJZ,X,X
LOSTIZJ,X,X
LOSTJIZ,X,X
LOSTJZI,X,X
LOSTZIJ,X,X
LOSTZJI,X,X
LOSITJZ,X,X
LOSITZJ,X,X
LOSIJTZ,O,X
LOSIJZT,O,X
LOSIZTJ,X,X
LOSIZJT,X,X
LOSJTIZ,X,X
LOSJTZI,X,X
LOSJITZ,O,X
LOSJIZT,O,X
LOSJZTI,X,X
LOSJZIT,X,X
LOSZTIJ,X,X
LOSZTJI,X,X
LOSZITJ,X,X
LOSZIJT,X,X
LOSZJTI,X,X
LOSZJIT,X,X
LOZTIJS,X,O
LOZTISJ,X,X
LOZTJIS,X,O
LOZTJSI,X,X
LOZTSIJ,X,X
LOZTSJI,X,X
LOZITJS,X,O
LOZITSJ,X,X
LOZIJTS,X,O
LOZIJST,X,O
LOZISTJ,X,X
LOZISJT,X,O
LOZJTIS,X,O
LOZJTSI,X,X
LOZJITS,X,O
LOZJIST,X,O
LOZJSTI,X,X
LOZJSIT,X,O
LOZSTIJ,X,X
LOZSTJI,X,X
LOZSITJ,X,X
LOZSIJT,X,O
LOZSJTI,X,X
LOZSJIT,X,O
JTILSZO,O,X
JTILSOZ,O,X
JTILZSO,X,X
JTILZOS,X,O
JTILOSZ,X,X
JTILOZS,X,X
JTISLZO,O,X
JTISLOZ,O,X
JTISZLO,X,X
JTISZOL,X,X
JTISOLZ,X,X
JTISOZL,X,X
JTIZLSO,X,X
JTIZLOS,X,O
JTIZSLO,X,X
JTIZSOL,X,X
JTIZOLS,X,O
JTIZOSL,X,X
JTIOLSZ,X,X
JTIOLZS,X,X
JTIOSLZ,X,X
JTIOSZL,X,X
JTIOZLS,X,X
JTIOZSL,X,X
JTLISZO,O,X
JTLISOZ,O,X
JTLIZSO,X,X
JTLIZOS,X,O
JTLIOSZ,X,X
JTLIOZS,X,X
JTLSIZO,O,X
JTLSIOZ,O,X
JTLSZIO,X,X
JTLSZOI,X,X
JTLSOIZ,X,X
JTLSOZI,X,X
JTLZISO,X,X
JTLZIOS,X,O
JTLZSIO,X,X
JTLZSOI,X,X
JTLZOIS,X,O
JTLZOSI,X,X
JTLOISZ,X,X
JTLOIZS,X,X
JTLOSIZ,X,X
JTLOSZI,X,X
JTLOZIS,X,X
JTLOZSI,X,X
JTSILZO,O,X
JTSILOZ,O,X
JTSIZLO,X,X
JTSIZOL,X,X
JTSIOLZ,X,X
JTSIOZL,X,X
JTSLIZO,O,X
JTSLIOZ,O,X
JTSLZIO,X,X
JTSLZOI,X,X
JTSLOIZ,X,X
JTSLOZI,X,X
JTSZILO,X,X
JTSZIOL,X,X
JTSZLIO,X,X
JTSZLOI,X,X
JTSZOIL,X,X
JTSZOLI,X,X
JTSOILZ,X,X
JTSOIZL,X,X
JTSOLIZ,X,X
JTSOLZI,X,X
JTSOZIL,X,X
JTSOZLI,X,X
JTZILSO,X,X
JTZILOS,X,O
JTZISLO,X,X
JTZISOL,X,X
JTZIOLS,X,O
JTZIOSL,X,X
JTZLISO,X,X
JTZLIOS,X,O
JTZLSIO,X,X
JTZLSOI,X,X
JTZLOIS,X,O
JTZLOSI,X,X
JTZSILO,X,X
JTZSIOL,X,X
JTZSLIO,X,X
JTZSLOI,X,X
JTZSOIL,X,X
JTZSOLI,X,X
JTZOILS,X,O
JTZOISL,X,X
JTZOLIS,X,O
JTZOLSI,X,X
JTZOSIL,X,X
JTZOSLI,X,X
JTOILSZ,X,X
JTOILZS,X,X
JTOISLZ,X,X
JTOISZL,X,X
JTOIZLS,X,X
JTOIZSL,X,X
JTOLISZ,X,X
JTOLIZS,X,X
JTOLSIZ,X,X
JTOLSZI,X,X
JTOLZIS,X,X
JTOLZSI,X,X
JTOSILZ,X,X
JTOSIZL,X,X
JTOSLIZ,X,X
JTOSLZI,X,X
JTOSZIL,X,X
JTOSZLI,X,X
JTOZILS,X,X
JTOZISL,X,X
JTOZLIS,X,X
JTOZLSI,X,X
JTOZSIL,X,X
JTOZSLI,X,X
JITLSZO,O,X
JITLSOZ,O,X
JITLZSO,X,X
JITLZOS,X,O
JITLOSZ,X,X
JITLOZS,X,X
JITSLZO,O,X
JITSLOZ,O,X
JITSZLO,X,X
JITSZOL,X,X
JITSOLZ,X,X
JITSOZL,X,X
JITZLSO,X,X
JITZLOS,X,O
JITZSLO,X,X
JITZSOL,X,X
JITZOLS,X,O
JITZOSL,X,X
JITOLSZ,X,X
JITOLZS,X,X
JITOSLZ,X,X
JITOSZL,X,X
JITOZLS,X,X
JITOZSL,X,X
JILTSZO,O,X
JILTSOZ,O,X
JILTZSO,X,X
JILTZOS,X,O
JILTOSZ,X,X
JILTOZS,X,X
JILSTZO,O,X
JILSTOZ,O,X
JILSZTO,O,X
JILSZOT,O,O
JILSOTZ,O,X
JILSOZT,O,X
JILZTSO,X,X
JILZTOS,X,O
JILZSTO,O,X
JILZSOT,O,O
JILZOTS,X,O
JILZOST,X,O
JILOTSZ,X,X
JILOTZS,X,X
JILOSTZ,O,X
JILOSZT,O,X
JILOZTS,X,O
JILOZST,X,O
JISTLZO,O,X
JISTLOZ,O,X
JISTZLO,X,X
JISTZOL,X,X
JISTOLZ,X,X
JISTOZL,X,X
JISLTZO,O,X
JISLTOZ,O,X
JISLZTO,O,X
JISLZOT,O,O
JISLOTZ,O,X
JISLOZT,O,X
JISZTLO,X,X
JISZTOL,X,X
JISZLTO,O,X
JISZLOT,O,O
JISZOTL,X,X
JISZOLT,X,O
JISOTLZ,X,X
JISOTZL,X,X
JISOLTZ,O,X
JISOLZT,O,X
JISOZTL,X,X
JISOZLT,X,X
JIZTLSO,X,X
JIZTLOS,X,O
JIZTSLO,X,X
JIZTSOL,X,X
JIZTOLS,X,O
JIZTOSL,X,X
JIZLTSO,X,X
JIZLTOS,X,O
JIZLSTO,O,X
JIZLSOT,O,O
JIZLOTS,X,O
JIZLOST,X,O
JIZSTLO,X,X
JIZSTOL,X,X
JIZSLTO,O,X
JIZSLOT,O,O
JIZSOTL,X,X
JIZSOLT,X,O
JIZOTLS,X,O
JIZOTSL,X,X
JIZOLTS,X,O
JIZOLST,X,O
JIZOSTL,X,X
JIZOSLT,X,O
JIOTLSZ,X,X
JIOTLZS,X,X
JIOTSLZ,X,X
JIOTSZL,X,X
JIOTZLS,X,X
JIOTZSL,X,X
JIOLTSZ,X,X
JIOLTZS,X,X
JIOLSTZ,O,X
JIOLSZT,O,X
JIOLZTS,X,O
JIOLZST,X,O
JIOSTLZ,X,X
JIOSTZL,X,X
JIOSLTZ,O,X
JIOSLZT,O,X
JIOSZTL,X,X
JIOSZLT,X,X
JIOZTLS,X,O
JIOZTSL,X,X
JIOZLTS,X,O
JIOZLST,X,O
JIOZSTL,X,X
JIOZSLT,X,O
JLTISZO,O,X
JLTISOZ,O,X
JLTIZSO,X,X
JLTIZOS,X,O
JLTIOSZ,X,X
JLTIOZS,X,X
JLTSIZO,O,X
JLTSIOZ,O,X
JLTSZIO,X,X
JLTSZOI,X,X
JLTSOIZ,X,X
JLTSOZI,X,X
JLTZISO,X,X
JLTZIOS,X,O
JLTZSIO,X,X
JLTZSOI,X,X
JLTZOIS,X,O
JLTZOSI,X,X
JLTOISZ,X,X
JLTOIZS,X,X
JLTOSIZ,X,X
JLTOSZI,X,X
JLTOZIS,X,X
JLTOZSI,X,X
JLITSZO,O,X
JLITSOZ,O,X
JLITZSO,X,X
JLITZOS,X,O
JLITOSZ,X,X
JLITOZS,X,X
JLISTZO,O,X
JLISTOZ,O,X
JLISZTO,O,X
JLISZOT,O,O
JLISOTZ,O,X
JLISOZT,O,X
JLIZTSO,X,X
JLIZTOS,X,O
JLIZSTO,O,X
JLIZSOT,O,O
JLIZOTS,X,O
JLIZOST,X,O
JLIOTSZ,X,X
JLIOTZS,X,X
JLIOSTZ,O,X
JLIOSZT,O,X
JLIOZTS,X,O
JLIOZST,X,O
JLSTIZO,O,X
JLSTIOZ,O,X
JLSTZIO,X,X
JLSTZOI,X,X
JLSTOIZ,X,X
JLSTOZI,X,X
JLSITZO,O,X
JLSITOZ,O,X
JLSIZTO,O,X
JLSIZOT,O,O
JLSIOTZ,O,X
JLSIOZT,O,X
JLSZTIO,X,X
JLSZTOI,X,X
JLSZITO,O,X
JLSZIOT,O,O
JLSZOTI,X,X
JLSZOIT,X,O
JLSOTIZ,X,X
JLSOTZI,X,X
JLSOITZ,O,X
JLSOIZT,O,X
JLSOZTI,X,X
JLSOZIT,X,X
JLZTISO,X,X
JLZTIOS,X,O
JLZTSIO,X,X
JLZTSOI,X,X
JLZTOIS,X,O
JLZTOSI,X,X
JLZITSO,X,X
JLZITOS,X,O
JLZISTO,O,X
JLZISOT,O,O
JLZIOTS,X,O
JLZIOST,X,O
JLZSTIO,X,X
JLZSTOI,X,X
JLZSITO,O,X
JLZSIOT,O,O
JLZSOTI,X,X
JLZSOIT,X,O
JLZOTIS,X,O
JLZOTSI,X,X
JLZOITS,X,O
JLZOIST,X,O
JLZOSTI,X,X
JLZOSIT,X,O
JLOTISZ,X,X
JLOTIZS,X,X
JLOTSIZ,X,X
JLOTSZI,X,X
JLOTZIS,X,X
JLOTZSI,X,X
JLOITSZ,X,X
JLOITZS,X,X
JLOISTZ,O,X
JLOISZT,O,X
JLOIZTS,X,O
JLOIZST,X,O
JLOSTIZ,X,X
JLOSTZI,X,X
JLOSITZ,O,X
JLOSIZT,O,X
JLOSZTI,X,X
JLOSZIT,X,X
JLOZTIS,X,O
JLOZTSI,X,X
JLOZITS,X,O
JLOZIST,X,O
JLOZSTI,X,X
JLOZSIT,X,O
JSTILZO,O,X
JSTILOZ,O,X
JSTIZLO,X,X
JSTIZOL,X,X
JSTIOLZ,X,X
JSTIOZL,X,X
JSTLIZO,O,X
JSTLIOZ,O,X
JSTLZIO,X,X
JSTLZOI,X,X
JSTLOIZ,X,X
JSTLOZI,X,X
JSTZILO,X,X
JSTZIOL,X,X
JSTZLIO,X,X
JSTZLOI,X,X
JSTZOIL,X,X
JSTZOLI,X,X
JSTOILZ,X,X
JSTOIZL,X,X
JSTOLIZ,X,X
JSTOLZI,X,X
JSTOZIL,X,X
JSTOZLI,X,X
JSITLZO,O,X
JSITLOZ,O,X
JSITZLO,X,X
JSITZOL,X,X
JSITOLZ,X,X
JSITOZL,X,X
JSILTZO,O,X
JSILTOZ,O,X
JSILZTO,O,X
JSILZOT,O,O
JSILOTZ,O,X
JSILOZT,O,X
JSIZTLO,X,X
JSIZTOL,X,X
JSIZLTO,O,X
JSIZLOT,O,O
JSIZOTL,X,X
JSIZOLT,X,O
JSIOTLZ,X,X
JSIOTZL,X,X
JSIOLTZ,O,X
JSIOLZT,O,X
JSIOZTL,X,X
JSIOZLT,X,X
JSLTIZO,O,X
JSLTIOZ,O,X
JSLTZIO,X,X
JSLTZOI,X,X
JSLTOIZ,X,X
JSLTOZI,X,X
JSLITZO,O,X
JSLITOZ,O,X
JSLIZTO,O,X
JSLIZOT,O,O
JSLIOTZ,O,X
JSLIOZT,O,X
JSLZTIO,X,X
JSLZTOI,X,X
JSLZITO,O,X
JSLZIOT,O,O
JSLZOTI,X,X
JSLZOIT,X,O
JSLOTIZ,X,X
JSLOTZI,X,X
JSLOITZ,O,X
JSLOIZT,O,X
JSLOZTI,X,X
JSLOZIT,X,X
JSZTILO,X,X
JSZTIOL,X,X
JSZTLIO,X,X
JSZTLOI,X,X
JSZTOIL,X,X
JSZTOLI,X,X
JSZITLO,X,X
JSZITOL,X,X
JSZILTO,O,X
JSZILOT,O,O
JSZIOTL,X,X
JSZIOLT,X,O
JSZLTIO,X,X
JSZLTOI,X,X
JSZLITO,O,X
JSZLIOT,O,O
JSZLOTI,X,X
JSZLOIT,X,O
JSZOTIL,X,X
JSZOTLI,X,X
JSZOITL,X,X
JSZOILT,X,O
JSZOLTI,X,X
JSZOLIT,X,O
JSOTILZ,X,X
JSOTIZL,X,X
JSOTLIZ,X,X
JSOTLZI,X,X
JSOTZIL,X,X
JSOTZLI,X,X
JSOITLZ,X,X
JSOITZL,X,X
JSOILTZ,O,X
JSOILZT,O,X
JSOIZTL,X,X
JSOIZLT,X,X
JSOLTIZ,X,X
JSOLTZI,X,X
JSOLITZ,O,X
JSOLIZT,O,X
JSOLZTI,X,X
JSOLZIT,X,X
JSOZTIL,X,X
JSOZTLI,X,X
JSOZITL,X,X
JSOZILT,X,X
JSOZLTI,X,X
JSOZLIT,X,X
JZTILSO,X,X
JZTILOS,X,O
JZTISLO,X,X
JZTISOL,X,X
JZTIOLS,X,O
JZTIOSL,X,X
JZTLISO,X,X
JZTLIOS,X,O
JZTLSIO,X,X
JZTLSOI,X,X
JZTLOIS,X,O
JZTLOSI,X,X
JZTSILO,X,X
JZTSIOL,X,X
JZTSLIO,X,X
JZTSLOI,X,X
JZTSOIL,X,X
JZTSOLI,X,X
JZTOILS,X,O
JZTOISL,X,X
JZTOLIS,X,O
JZTOLSI,X,X
JZTOSIL,X,X
JZTOSLI,X,X
JZITLSO,X,X
JZITLOS,X,O
JZITSLO,X,X
JZITSOL,X,X
JZITOLS,X,O
JZITOSL,X,X
JZILTSO,X,X
JZILTOS,X,O
JZILSTO,O,X
JZILSOT,O,O
JZILOTS,X,O
JZILOST,X,O
JZISTLO,X,X
JZISTOL,X,X
JZISLTO,O,X
JZISLOT,O,O
JZISOTL,X,X
JZISOLT,X,O
JZIOTLS,X,O
JZIOTSL,X,X
JZIOLTS,X,O
JZIOLST,X,O
JZIOSTL,X,X
JZIOSLT,X,O
JZLTISO,X,X
JZLTIOS,X,O
JZLTSIO,X,X
JZLTSOI,X,X
JZLTOIS,X,O
JZLTOSI,X,X
JZLITSO,X,X
JZLITOS,X,O
JZLISTO,O,X
JZLISOT,O,O
JZLIOTS,X,O
JZLIOST,X,O
JZLSTIO,X,X
JZLSTOI,X,X
JZLSITO,O,X
JZLSIOT,O,O
JZLSOTI,X,X
JZLSOIT,X,O
JZLOTIS,X,O
JZLOTSI,X,X
JZLOITS,X,O
JZLOIST,X,O
JZLOSTI,X,X
JZLOSIT,X,O
JZSTILO,X,X
JZSTIOL,X,X
JZSTLIO,X,X
JZSTLOI,X,X
JZSTOIL,X,X
JZSTOLI,X,X
JZSITLO,X,X
JZSITOL,X,X
JZSILTO,O,X
JZSILOT,O,O
JZSIOTL,X,X
JZSIOLT,X,O
JZSLTIO,X,X
JZSLTOI,X,X
JZSLITO,O,X
JZSLIOT,O,O
JZSLOTI,X,X
JZSLOIT,X,O
JZSOTIL,X,X
JZSOTLI,X,X
JZSOITL,X,X
JZSOILT,X,O
JZSOLTI,X,X
JZSOLIT,X,O
JZOTILS,X,O
JZOTISL,X,X
JZOTLIS,X,O
JZOTLSI,X,X
JZOTSIL,X,X
JZOTSLI,X,X
JZOITLS,X,O
JZOITSL,X,X
JZOILTS,X,O
JZOILST,X,O
JZOISTL,X,X
JZOISLT,X,O
JZOLTIS,X,O
JZOLTSI,X,X
JZOLITS,X,O
JZOLIST,X,O
JZOLSTI,X,X
JZOLSIT,X,O
JZOSTIL,X,X
JZOSTLI,X,X
JZOSITL,X,X
JZOSILT,X,O
JZOSLTI,X,X
JZOSLIT,X,O
JOTILSZ,X,X
JOTILZS,X,X
JOTISLZ,X,X
JOTISZL,X,X
JOTIZLS,X,X
JOTIZSL,X,X
JOTLISZ,X,X
JOTLIZS,X,X
JOTLSIZ,X,X
JOTLSZI,X,X
JOTLZIS,X,X
JOTLZSI,X,X
JOTSILZ,X,X
JOTSIZL,X,X
JOTSLIZ,X,X
JOTSLZI,X,X
JOTSZIL,X,X
JOTSZLI,X,X
JOTZILS,X,X
JOTZISL,X,X
JOTZLIS,X,X
JOTZLSI,X,X
JOTZSIL,X,X
JOTZSLI,X,X
JOITLSZ,X,X
JOITLZS,X,X
JOITSLZ,X,X
JOITSZL,X,X
JOITZLS,X,X
JOITZSL,X,X
JOILTSZ,X,X
JOILTZS,X,X
JOILSTZ,O,X
JOILSZT,O,X
JOILZTS,X,O
JOILZST,X,O
JOISTLZ,X,X
JOISTZL,X,X
JOISLTZ,O,X
JOISLZT,O,X
JOISZTL,X,X
JOISZLT,X,X
JOIZTLS,X,O
JOIZTSL,X,X
JOIZLTS,X,O
JOIZLST,X,O
JOIZSTL,X,X
JOIZSLT,X,O
JOLTISZ,X,X
JOLTIZS,X,X
JOLTSIZ,X,X
JOLTSZI,X,X
JOLTZIS,X,X
JOLTZSI,X,X
JOLITSZ,X,X
JOLITZS,X,X
JOLISTZ,O,X
JOLISZT,O,X
JOLIZTS,X,O
JOLIZST,X,O
JOLSTIZ,X,X
JOLSTZI,X,X
JOLSITZ,O,X
JOLSIZT,O,X
JOLSZTI,X,X
JOLSZIT,X,X
JOLZTIS,X,O
JOLZTSI,X,X
JOLZITS,X,O
JOLZIST,X,O
JOLZSTI,X,X
JOLZSIT,X,O
JOSTILZ,X,X
JOSTIZL,X,X
JOSTLIZ,X,X
JOSTLZI,X,X
JOSTZIL,X,X
JOSTZLI,X,X
JOSITLZ,X,X
JOSITZL,X,X
JOSILTZ,O,X
JOSILZT,O,X
JOSIZTL,X,X
JOSIZLT,X,X
JOSLTIZ,X,X
JOSLTZI,X,X
JOSLITZ,O,X
JOSLIZT,O,X
JOSLZTI,X,X
JOSLZIT,X,X
JOSZTIL,X,X
JOSZTLI,X,X
JOSZITL,X,X
JOSZILT,X,X
JOSZLTI,X,X
JOSZLIT,X,X
JOZTILS,X,O
JOZTISL,X,X
JOZTLIS,X,O
JOZTLSI,X,X
JOZTSIL,X,X
JOZTSLI,X,X
JOZITLS,X,O
JOZITSL,X,X
JOZILTS,X,O
JOZILST,X,O
JOZISTL,X,X
JOZISLT,X,O
JOZLTIS,X,O
JOZLTSI,X,X
JOZLITS,X,O
JOZLIST,X,O
JOZLSTI,X,X
JOZLSIT,X,O
JOZSTIL,X,X
JOZSTLI,X,X
JOZSITL,X,X
JOZSILT,X,O
JOZSLTI,X,X
JOZSLIT,X,O
STILJZO,O,X
STILJOZ,O,X
STILZJO,X,X
STILZOJ,X,X
STILOJZ,X,X
STILOZJ,X,X
STIJLZO,O,X
STIJLOZ,O,X
STIJZLO,X,X
STIJZOL,X,X
STIJOLZ,X,X
STIJOZL,X,X
STIZLJO,X,X
STIZLOJ,X,X
STIZJLO,X,X
STIZJOL,X,X
STIZOLJ,X,X
STIZOJL,X,X
STIOLJZ,X,X
STIOLZJ,X,X
STIOJLZ,X,X
STIOJZL,X,X
STIOZLJ,X,X
STIOZJL,X,X
STLIJZO,O,X
STLIJOZ,O,X
STLIZJO,X,X
STLIZOJ,X,X
STLIOJZ,X,X
STLIOZJ,X,X
STLJIZO,O,X
STLJIOZ,O,X
STLJZIO,X,X
STLJZOI,X,X
STLJOIZ,X,X
STLJOZI,X,X
STLZIJO,X,X
STLZIOJ,X,X
STLZJIO,X,X
STLZJOI,X,X
STLZOIJ,X,X
STLZOJI,X,X
STLOIJZ,X,X
STLOIZJ,X,X
STLOJIZ,X,X
STLOJZI,X,X
STLOZIJ,X,X
STLOZJI,X,X
STJILZO,O,X
STJILOZ,O,X
STJIZLO,X,X
STJIZOL,X,X
STJIOLZ,X,X
STJIOZL,X,X
STJLIZO,O,X
STJLIOZ,O,X
STJLZIO,X,X
STJLZOI,X,X
STJLOIZ,X,X
STJLOZI,X,X
STJZILO,X,X
STJZIOL,X,X
STJZLIO,X,X
STJZLOI,X,X
STJZOIL,X,X
STJZOLI,X,X
STJOILZ,X,X
STJOIZL,X,X
STJOLIZ,X,X
STJOLZI,X,X
STJOZIL,X,X
STJOZLI,X,X
STZILJO,X,X
STZILOJ,X,X
STZIJLO,X,X
STZIJOL,X,X
STZIOLJ,X,X
STZIOJL,X,X
STZLIJO,X,X
STZLIOJ,X,X
STZLJIO,X,X
STZLJOI,X,X
STZLOIJ,X,X
STZLOJI,X,X
STZJILO,X,X
STZJIOL,X,X
STZJLIO,X,X
STZJLOI,X,X
STZJOIL,X,X
STZJOLI,X,X
STZOILJ,X,X
STZOIJL,X,X
STZOLIJ,X,X
STZOLJI,X,X
STZOJIL,X,X
STZOJLI,X,X
STOILJZ,X,X
STOILZJ,X,X
STOIJLZ,X,X
STOIJZL,X,X
STOIZLJ,X,X
STOIZJL,X,X
STOLIJZ,X,X
STOLIZJ,X,X
STOLJIZ,X,X
STOLJZI,X,X
STOLZIJ,X,X
STOLZJI,X,X
STOJILZ,X,X
STOJIZL,X,X
STOJLIZ,X,X
STOJLZI,X,X
STOJZIL,X,X
STOJZLI,X,X
STOZILJ,X,X
STOZIJL,X,X
STOZLIJ,X,X
STOZLJI,X,X
STOZJIL,X,X
STOZJLI,X,X
SITLJZO,O,X
SITLJOZ,O,X
SITLZJO,X,X
SITLZOJ,X,X
SITLOJZ,X,X
SITLOZJ,X,X
SITJLZO,O,X
SITJLOZ,O,X
SITJZLO,X,X
SITJZOL,X,X
SITJOLZ,X,X
SITJOZL,X,X
SITZLJO,X,X
SITZLOJ,X,X
SITZJLO,X,X
SITZJOL,X,X
SITZOLJ,X,X
SITZOJL,X,X
SITOLJZ,X,X
SITOLZJ,X,X
SITOJLZ,X,X
SITOJZL,X,X
SITOZLJ,X,X
SITOZJL,X,X
SILTJZO,O,X
SILTJOZ,O,X
SILTZJO,X,X
SILTZOJ,X,X
SILTOJZ,X,X
SILTOZJ,X,X
SILJTZO,O,X
SILJTOZ,O,X
SILJZTO,O,X
SILJZOT,O,O
SILJOTZ,O,X
SILJOZT,O,X
SILZTJO,X,X
SILZTOJ,X,X
SILZJTO,O,X
SILZJOT,O,O
SILZOTJ,X,X
SILZOJT,X,O
SILOTJZ,X,X
SILOTZJ,X,X
SILOJTZ,O,X
SILOJZT,O,X
SILOZTJ,X,X
SILOZJT,X,X
SIJTLZO,O,X
SIJTLOZ,O,X
SIJTZLO,X,X
SIJTZOL,X,X
SIJTOLZ,X,X
SIJTOZL,X,X
SIJLTZO,O,X
SIJLTOZ,O,X
SIJLZTO,O,X
SIJLZOT,O,O
SIJLOTZ,O,X
SIJLOZT,O,X
SIJZTLO,X,X
SIJZTOL,X,X
SIJZLTO,O,X
SIJZLOT,O,O
SIJZOTL,X,X
SIJZOLT,X,O
SIJOTLZ,X,X
SIJOTZL,X,X
SIJOLTZ,O,X
SIJOLZT,O,X
SIJOZTL,X,X
SIJOZLT,X,X
SIZTLJO,X,X
SIZTLOJ,X,X
SIZTJLO,X,X
SIZTJOL,X,X
SIZTOLJ,X,X
SIZTOJL,X,X
SIZLTJO,X,X
SIZLTOJ,X,X
SIZLJTO,O,X
SIZLJOT,O,O
SIZLOTJ,X,X
SIZLOJT,X,O
SIZJTLO,X,X
SIZJTOL,X,X
SIZJLTO,O,X
SIZJLOT,O,O
SIZJOTL,X,X
SIZJOLT,X,O
SIZOTLJ,X,X
SIZOTJL,X,X
SIZOLTJ,X,X
SIZOLJT,X,O
SIZOJTL,X,X
SIZOJLT,X,O
SIOTLJZ,X,X
SIOTLZJ,X,X
SIOTJLZ,X,X
SIOTJZL,X,X
SIOTZLJ,X,X
SIOTZJL,X,X
SIOLTJZ,X,X
SIOLTZJ,X,X
SIOLJTZ,O,X
SIOLJZT,O,X
SIOLZTJ,X,X
SIOLZJT,X,X
SIOJTLZ,X,X
SIOJTZL,X,X
SIOJLTZ,O,X
SIOJLZT,O,X
SIOJZTL,X,X
SIOJZLT,X,X
SIOZTLJ,X,X
SIOZTJL,X,X
SIOZLTJ,X,X
SIOZLJT,X,X
SIOZJTL,X,X
SIOZJLT,X,X
SLTIJZO,O,X
SLTIJOZ,O,X
SLTIZJO,X,X
SLTIZOJ,X,X
SLTIOJZ,X,X
SLTIOZJ,X,X
SLTJIZO,O,X
SLTJIOZ,O,X
SLTJZIO,X,X
SLTJZOI,X,X
SLTJOIZ,X,X
SLTJOZI,X,X
SLTZIJO,X,X
SLTZIOJ,X,X
SLTZJIO,X,X
SLTZJOI,X,X
SLTZOIJ,X,X
SLTZOJI,X,X
SLTOIJZ,X,X
SLTOIZJ,X,X
SLTOJIZ,X,X
SLTOJZI,X,X
SLTOZIJ,X,X
SLTOZJI,X,X
SLITJZO,O,X
SLITJOZ,O,X
SLITZJO,X,X
SLITZOJ,X,X
SLITOJZ,X,X
SLITOZJ,X,X
SLIJTZO,O,X
SLIJTOZ,O,X
SLIJZTO,O,X
SLIJZOT,O,O
SLIJOTZ,O,X
SLIJOZT,O,X
SLIZTJO,X,X
SLIZTOJ,X,X
SLIZJTO,O,X
SLIZJOT,O,O
SLIZOTJ,X,X
SLIZOJT,X,O
SLIOTJZ,X,X
SLIOTZJ,X,X
SLIOJTZ,O,X
SLIOJZT,O,X
SLIOZTJ,X,X
SLIOZJT,X,X
SLJTIZO,O,X
SLJTIOZ,O,X
SLJTZIO,X,X
SLJTZOI,X,X
SLJTOIZ,X,X
SLJTOZI,X,X
SLJITZO,O,X
SLJITOZ,O,X
SLJIZTO,O,X
SLJIZOT,O,O
SLJIOTZ,O,X
SLJIOZT,O,X
SLJZTIO,X,X
SLJZTOI,X,X
SLJZITO,O,X
SLJZIOT,O,O
SLJZOTI,X,X
SLJZOIT,X,O
SLJOTIZ,X,X
SLJOTZI,X,X
SLJOITZ,O,X
SLJOIZT,O,X
SLJOZTI,X,X
SLJOZIT,X,X
SLZTIJO,X,X
SLZTIOJ,X,X
SLZTJIO,X,X
SLZTJOI,X,X
SLZTOIJ,X,X
SLZTOJI,X,X
SLZITJO,X,X
SLZITOJ,X,X
SLZIJTO,O,X
SLZIJOT,O,O
SLZIOTJ,X,X
SLZIOJT,X,O
SLZJTIO,X,X
SLZJTOI,X,X
SLZJITO,O,X
SLZJIOT,O,O
SLZJOTI,X,X
SLZJOIT,X,O
SLZOTIJ,X,X
SLZOTJI,X,X
SLZOITJ,X,X
SLZOIJT,X,O
SLZOJTI,X,X
SLZOJIT,X,O
SLOTIJZ,X,X
SLOTIZJ,X,X
SLOTJIZ,X,X
SLOTJZI,X,X
SLOTZIJ,X,X
SLOTZJI,X,X
SLOITJZ,X,X
SLOITZJ,X,X
SLOIJTZ,O,X
SLOIJZT,O,X
SLOIZTJ,X,X
SLOIZJT,X,X
SLOJTIZ,X,X
SLOJTZI,X,X
SLOJITZ,O,X
SLOJIZT,O,X
SLOJZTI,X,X
SLOJZIT,X,X
SLOZTIJ,X,X
SLOZTJI,X,X
SLOZITJ,X,X
SLOZIJT,X,X
SLOZJTI,X,X
SLOZJIT,X,X
SJTILZO,O,X
SJTILOZ,O,X
SJTIZLO,X,X
SJTIZOL,X,X
SJTIOLZ,X,X
SJTIOZL,X,X
SJTLIZO,O,X
SJTLIOZ,O,X
SJTLZIO,X,X
SJTLZOI,X,X
SJTLOIZ,X,X
SJTLOZI,X,X
SJTZILO,X,X
SJTZIOL,X,X
SJTZLIO,X,X
SJTZLOI,X,X
SJTZOIL,X,X
SJTZOLI,X,X
SJTOILZ,X,X
SJTOIZL,X,X
SJTOLIZ,X,X
SJTOLZI,X,X
SJTOZIL,X,X
SJTOZLI,X,X
SJITLZO,O,X
SJITLOZ,O,X
SJITZLO,X,X
SJITZOL,X,X
SJITOLZ,X,X
SJITOZL,X,X
SJILTZO,O,X
SJILTOZ,O,X
SJILZTO,O,X
SJILZOT,O,O
SJILOTZ,O,X
SJILOZT,O,X
SJIZTLO,X,X
SJIZTOL,X,X
SJIZLTO,O,X
SJIZLOT,O,O
SJIZOTL,X,X
SJIZOLT,X,O
SJIOTLZ,X,X
SJIOTZL,X,X
SJIOLTZ,O,X
SJIOLZT,O,X
SJIOZTL,X,X
SJIOZLT,X,X
SJLTIZO,O,X
SJLTIOZ,O,X
SJLTZIO,X,X
SJLTZOI,X,X
SJLTOIZ,X,X
SJLTOZI,X,X
SJLITZO,O,X
SJLITOZ,O,X
SJLIZTO,O,X
SJLIZOT,O,O
SJLIOTZ,O,X
SJLIOZT,O,X
SJLZTIO,X,X
SJLZTOI,X,X
SJLZITO,O,X
SJLZIOT,O,O
SJLZOTI,X,X
SJLZOIT,X,O
SJLOTIZ,X,X
SJLOTZI,X,X
SJLOITZ,O,X
SJLOIZT,O,X
SJLOZTI,X,X
SJLOZIT,X,X
SJZTILO,X,X
SJZTIOL,X,X
SJZTLIO,X,X
SJZTLOI,X,X
SJZTOIL,X,X
SJZTOLI,X,X
SJZITLO,X,X
SJZITOL,X,X
SJZILTO,O,X
SJZILOT,O,O
SJZIOTL,X,X
SJZIOLT,X,O
SJZLTIO,X,X
SJZLTOI,X,X
SJZLITO,O,X
SJZLIOT,O,O
SJZLOTI,X,X
SJZLOIT,X,O
SJZOTIL,X,X
SJZOTLI,X,X
SJZOITL,X,X
SJZOILT,X,O
SJZOLTI,X,X
SJZOLIT,X,O
SJOTILZ,X,X
SJOTIZL,X,X
SJOTLIZ,X,X
SJOTLZI,X,X
SJOTZIL,X,X
SJOTZLI,X,X
SJOITLZ,X,X
SJOITZL,X,X
SJOILTZ,O,X
SJOILZT,O,X
SJOIZTL,X,X
SJOIZLT,X,X
SJOLTIZ,X,X
SJOLTZI,X,X
SJOLITZ,O,X
SJOLIZT,O,X
SJOLZTI,X,X
SJOLZIT,X,X
SJOZTIL,X,X
SJOZTLI,X,X
SJOZITL,X,X
SJOZILT,X,X
SJOZLTI,X,X
SJOZLIT,X,X
SZTILJO,X,X
SZTILOJ,X,X
SZTIJLO,X,X
SZTIJOL,X,X
SZTIOLJ,X,X
SZTIOJL,X,X
SZTLIJO,X,X
SZTLIOJ,X,X
SZTLJIO,X,X
SZTLJOI,X,X
SZTLOIJ,X,X
SZTLOJI,X,X
SZTJILO,X,X
SZTJIOL,X,X
SZTJLIO,X,X
SZTJLOI,X,X
SZTJOIL,X,X
SZTJOLI,X,X
SZTOILJ,X,X
SZTOIJL,X,X
SZTOLIJ,X,X
SZTOLJI,X,X
SZTOJIL,X,X
SZTOJLI,X,X
SZITLJO,X,X
SZITLOJ,X,X
SZITJLO,X,X
SZITJOL,X,X
SZITOLJ,X,X
SZITOJL,X,X
SZILTJO,X,X
SZILTOJ,X,X
SZILJTO,O,X
SZILJOT,O,O
SZILOTJ,X,X
SZILOJT,X,O
SZIJTLO,X,X
SZIJTOL,X,X
SZIJLTO,O,X
SZIJLOT,O,O
SZIJOTL,X,X
SZIJOLT,X,O
SZIOTLJ,X,X
SZIOTJL,X,X
SZIOLTJ,X,X
SZIOLJT,X,O
SZIOJTL,X,X
SZIOJLT,X,O
SZLTIJO,X,X
SZLTIOJ,X,X
SZLTJIO,X,X
SZLTJOI,X,X
SZLTOIJ,X,X
SZLTOJI,X,X
SZLITJO,X,X
SZLITOJ,X,X
SZLIJTO,O,X
SZLIJOT,O,O
SZLIOTJ,X,X
SZLIOJT,X,O
SZLJTIO,X,X
SZLJTOI,X,X
SZLJITO,O,X
SZLJIOT,O,O
SZLJOTI,X,X
SZLJOIT,X,O
SZLOTIJ,X,X
SZLOTJI,X,X
SZLOITJ,X,X
SZLOIJT,X,O
SZLOJTI,X,X
SZLOJIT,X,O
SZJTILO,X,X
SZJTIOL,X,X
SZJTLIO,X,X
SZJTLOI,X,X
SZJTOIL,X,X
SZJTOLI,X,X
SZJITLO,X,X
SZJITOL,X,X
SZJILTO,O,X
SZJILOT,O,O
SZJIOTL,X,X
SZJIOLT,X,O
SZJLTIO,X,X
SZJLTOI,X,X
SZJLITO,O,X
SZJLIOT,O,O
SZJLOTI,X,X
SZJLOIT,X,O
SZJOTIL,X,X
SZJOTLI,X,X
SZJOITL,X,X
SZJOILT,X,O
SZJOLTI,X,X
SZJOLIT,X,O
SZOTILJ,X,X
SZOTIJL,X,X
SZOTLIJ,X,X
SZOTLJI,X,X
SZOTJIL,X,X
SZOTJLI,X,X
SZOITLJ,X,X
SZOITJL,X,X
SZOILTJ,X,X
SZOILJT,X,O
SZOIJTL,X,X
SZOIJLT,X,O
SZOLTIJ,X,X
SZOLTJI,X,X
SZOLITJ,X,X
SZOLIJT,X,O
SZOLJTI,X,X
SZOLJIT,X,O
SZOJTIL,X,X
SZOJTLI,X,X
SZOJITL,X,X
SZOJILT,X,O
SZOJLTI,X,X
SZOJLIT,X,O
SOTILJZ,X,X
SOTILZJ,X,X
SOTIJLZ,X,X
SOTIJZL,X,X
SOTIZLJ,X,X
SOTIZJL,X,X
SOTLIJZ,X,X
SOTLIZJ,X,X
SOTLJIZ,X,X
SOTLJZI,X,X
SOTLZIJ,X,X
SOTLZJI,X,X
SOTJILZ,X,X
SOTJIZL,X,X
SOTJLIZ,X,X
SOTJLZI,X,X
SOTJZIL,X,X
SOTJZLI,X,X
SOTZILJ,X,X
SOTZIJL,X,X
SOTZLIJ,X,X
SOTZLJI,X,X
SOTZJIL,X,X
SOTZJLI,X,X
SOITLJZ,X,X
SOITLZJ,X,X
SOITJLZ,X,X
SOITJZL,X,X
SOITZLJ,X,X
SOITZJL,X,X
SOILTJZ,X,X
SOILTZJ,X,X
SOILJTZ,O,X
SOILJZT,O,X
SOILZTJ,X,X
SOILZJT,X,X
SOIJTLZ,X,X
SOIJTZL,X,X
SOIJLTZ,O,X
SOIJLZT,O,X
SOIJZTL,X,X
SOIJZLT,X,X
SOIZTLJ,X,X
SOIZTJL,X,X
SOIZLTJ,X,X
SOIZLJT,X,X
SOIZJTL,X,X
SOIZJLT,X,X
SOLTIJZ,X,X
SOLTIZJ,X,X
SOLTJIZ,X,X
SOLTJZI,X,X
SOLTZIJ,X,X
SOLTZJI,X,X
SOLITJZ,X,X
SOLITZJ,X,X
SOLIJTZ,O,X
SOLIJZT,O,X
SOLIZTJ,X,X
SOLIZJT,X,X
SOLJTIZ,X,X
SOLJTZI,X,X
SOLJITZ,O,X
SOLJIZT,O,X
SOLJZTI,X,X
SOLJZIT,X,X
SOLZTIJ,X,X
SOLZTJI,X,X
SOLZITJ,X,X
SOLZIJT,X,X
SOLZJTI,X,X
SOLZJIT,X,X
SOJTILZ,X,X
SOJTIZL,X,X
SOJTLIZ,X,X
SOJTLZI,X,X
SOJTZIL,X,X
SOJTZLI,X,X
SOJITLZ,X,X
SOJITZL,X,X
SOJILTZ,O,X
SOJILZT,O,X
SOJIZTL,X,X
SOJIZLT,X,X
SOJLTIZ,X,X
SOJLTZI,X,X
SOJLITZ,O,X
SOJLIZT,O,X
SOJLZTI,X,X
SOJLZIT,X,X
SOJZTIL,X,X
SOJZTLI,X,X
SOJZITL,X,X
SOJZILT,X,X
SOJZLTI,X,X
SOJZLIT,X,X
SOZTILJ,X,X
SOZTIJL,X,X
SOZTLIJ,X,X
SOZTLJI,X,X
SOZTJIL,X,X
SOZTJLI,X,X
SOZITLJ,X,X
SOZITJL,X,X
SOZILTJ,X,X
SOZILJT,X,X
SOZIJTL,X,X
SOZIJLT,X,X
SOZLTIJ,X,X
SOZLTJI,X,X
SOZLITJ,X,X
SOZLIJT,X,X
SOZLJTI,X,X
SOZLJIT,X,X
SOZJTIL,X,X
SOZJTLI,X,X
SOZJITL,X,X
SOZJILT,X,X
SOZJLTI,X,X
SOZJLIT,X,X
ZTILJSO,X,X
ZTILJOS,X,O
ZTILSJO,X,X
ZTILSOJ,X,X
ZTILOJS,X,O
ZTILOSJ,X,X
ZTIJLSO,X,X
ZTIJLOS,X,O
ZTIJSLO,X,X
ZTIJSOL,X,X
ZTIJOLS,X,O
ZTIJOSL,X,X
ZTISLJO,X,X
ZTISLOJ,X,X
ZTISJLO,X,X
ZTISJOL,X,X
ZTISOLJ,X,X
ZTISOJL,X,X
ZTIOLJS,X,O
ZTIOLSJ,X,X
ZTIOJLS,X,O
ZTIOJSL,X,X
ZTIOSLJ,X,X
ZTIOSJL,X,X
ZTLIJSO,X,X
ZTLIJOS,X,O
ZTLISJO,X,X
ZTLISOJ,X,X
ZTLIOJS,X,O
ZTLIOSJ,X,X
ZTLJISO,X,X
ZTLJIOS,X,O
ZTLJSIO,X,X
ZTLJSOI,X,X
ZTLJOIS,X,O
ZTLJOSI,X,X
ZTLSIJO,X,X
ZTLSIOJ,X,X
ZTLSJIO,X,X
ZTLSJOI,X,X
ZTLSOIJ,X,X
ZTLSOJI,X,X
ZTLOIJS,X,O
ZTLOISJ,X,X
ZTLOJIS,X,O
ZTLOJSI,X,X
ZTLOSIJ,X,X
ZTLOSJI,X,X
ZTJILSO,X,X
ZTJILOS,X,O
ZTJISLO,X,X
ZTJISOL,X,X
ZTJIOLS,X,O
ZTJIOSL,X,X
ZTJLISO,X,X
ZTJLIOS,X,O
ZTJLSIO,X,X
ZTJLSOI,X,X
ZTJLOIS,X,O
ZTJLOSI,X,X
ZTJSILO,X,X
ZTJSIOL,X,X
ZTJSLIO,X,X
ZTJSLOI,X,X
ZTJSOIL,X,X
ZTJSOLI,X,X
ZTJOILS,X,O
ZTJOISL,X,X
ZTJOLIS,X,O
ZTJOLSI,X,X
ZTJOSIL,X,X
ZTJOSLI,X,X
ZTSILJO,X,X
ZTSILOJ,X,X
ZTSIJLO,X,X
ZTSIJOL,X,X
ZTSIOLJ,X,X
ZTSIOJL,X,X
ZTSLIJO,X,X
ZTSLIOJ,X,X
ZTSLJIO,X,X
ZTSLJOI,X,X
ZTSLOIJ,X,X
ZTSLOJI,X,X
ZTSJILO,X,X
ZTSJIOL,X,X
ZTSJLIO,X,X
ZTSJLOI,X,X
ZTSJOIL,X,X
ZTSJOLI,X,X
ZTSOILJ,X,X
ZTSOIJL,X,X
ZTSOLIJ,X,X
ZTSOLJI,X,X
ZTSOJIL,X,X
ZTSOJLI,X,X
ZTOILJS,X,O
ZTOILSJ,X,X
ZTOIJLS,X,O
ZTOIJSL,X,X
ZTOISLJ,X,X
ZTOISJL,X,X
ZTOLIJS,X,O
ZTOLISJ,X,X
ZTOLJIS,X,O
ZTOLJSI,X,X
ZTOLSIJ,X,X
ZTOLSJI,X,X
ZTOJILS,X,O
ZTOJISL,X,X
ZTOJLIS,X,O
ZTOJLSI,X,X
ZTOJSIL,X,X
ZTOJSLI,X,X
ZTOSILJ,X,X
ZTOSIJL,X,X
ZTOSLIJ,X,X
ZTOSLJI,X,X
ZTOSJIL,X,X
ZTOSJLI,X,X
ZITLJSO,X,X
ZITLJOS,X,O
ZITLSJO,X,X
ZITLSOJ,X,X
ZITLOJS,X,O
ZITLOSJ,X,X
ZITJLSO,X,X
ZITJLOS,X,O
ZITJSLO,X,X
ZITJSOL,X,X
ZITJOLS,X,O
ZITJOSL,X,X
ZITSLJO,X,X
ZITSLOJ,X,X
ZITSJLO,X,X
ZITSJOL,X,X
ZITSOLJ,X,X
ZITSOJL,X,X
ZITOLJS,X,O
ZITOLSJ,X,X
ZITOJLS,X,O
ZITOJSL,X,X
ZITOSLJ,X,X
ZITOSJL,X,X
ZILTJSO,X,X
ZILTJOS,X,O
ZILTSJO,X,X
ZILTSOJ,X,X
ZILTOJS,X,O
ZILTOSJ,X,X
ZILJTSO,X,X
ZILJTOS,X,O
ZILJSTO,O,X
ZILJSOT,O,O
ZILJOTS,X,O
ZILJOST,X,O
ZILSTJO,X,X
ZILSTOJ,X,X
ZILSJTO,O,X
ZILSJOT,O,O
ZILSOTJ,X,X
ZILSOJT,X,O
ZILOTJS,X,O
ZILOTSJ,X,X
ZILOJTS,X,O
ZILOJST,X,O
ZILOSTJ,X,X
ZILOSJT,X,O
ZIJTLSO,X,X
ZIJTLOS,X,O
ZIJTSLO,X,X
ZIJTSOL,X,X
ZIJTOLS,X,O
ZIJTOSL,X,X
ZIJLTSO,X,X
ZIJLTOS,X,O
ZIJLSTO,O,X
ZIJLSOT,O,O
ZIJLOTS,X,O
ZIJLOST,X,O
ZIJSTLO,X,X
ZIJSTOL,X,X
ZIJSLTO,O,X
ZIJSLOT,O,O
ZIJSOTL,X,X
ZIJSOLT,X,O
ZIJOTLS,X,O
ZIJOTSL,X,X
ZIJOLTS,X,O
ZIJOLST,X,O
ZIJOSTL,X,X
ZIJOSLT,X,O
ZISTLJO,X,X
ZISTLOJ,X,X
ZISTJLO,X,X
ZISTJOL,X,X
ZISTOLJ,X,X
ZISTOJL,X,X
ZISLTJO,X,X
ZISLTOJ,X,X
ZISLJTO,O,X
ZISLJOT,O,O
ZISLOTJ,X,X
ZISLOJT,X,O
ZISJTLO,X,X
ZISJTOL,X,X
ZISJLTO,O,X
ZISJLOT,O,O
ZISJOTL,X,X
ZISJOLT,X,O
ZISOTLJ,X,X
ZISOTJL,X,X
ZISOLTJ,X,X
ZISOLJT,X,O
ZISOJTL,X,X
ZISOJLT,X,O
ZIOTLJS,X,O
ZIOTLSJ,X,X
ZIOTJLS,X,O
ZIOTJSL,X,X
ZIOTSLJ,X,X
ZIOTSJL,X,X
ZIOLTJS,X,O
ZIOLTSJ,X,X
ZIOLJTS,X,O
ZIOLJST,X,O
ZIOLSTJ,X,X
ZIOLSJT,X,O
ZIOJTLS,X,O
ZIOJTSL,X,X
ZIOJLTS,X,O
ZIOJLST,X,O
ZIOJSTL,X,X
ZIOJSLT,X,O
ZIOSTLJ,X,X
ZIOSTJL,X,X
ZIOSLTJ,X,X
ZIOSLJT,X,O
ZIOSJTL,X,X
ZIOSJLT,X,O
ZLTIJSO,X,X
ZLTIJOS,X,O
ZLTISJO,X,X
ZLTISOJ,X,X
ZLTIOJS,X,O
ZLTIOSJ,X,X
ZLTJISO,X,X
ZLTJIOS,X,O
ZLTJSIO,X,X
ZLTJSOI,X,X
ZLTJOIS,X,O
ZLTJOSI,X,X
ZLTSIJO,X,X
ZLTSIOJ,X,X
ZLTSJIO,X,X
ZLTSJOI,X,X
ZLTSOIJ,X,X
ZLTSOJI,X,X
ZLTOIJS,X,O
ZLTOISJ,X,X
ZLTOJIS,X,O
ZLTOJSI,X,X
ZLTOSIJ,X,X
ZLTOSJI,X,X
ZLITJSO,X,X
ZLITJOS,X,O
ZLITSJO,X,X
ZLITSOJ,X,X
ZLITOJS,X,O
ZLITOSJ,X,X
ZLIJTSO,X,X
ZLIJTOS,X,O
ZLIJSTO,O,X
ZLIJSOT,O,O
ZLIJOTS,X,O
ZLIJOST,X,O
ZLISTJO,X,X
ZLISTOJ,X,X
ZLISJTO,O,X
ZLISJOT,O,O
ZLISOTJ,X,X
ZLISOJT,X,O
ZLIOTJS,X,O
ZLIOTSJ,X,X
ZLIOJTS,X,O
ZLIOJST,X,O
ZLIOSTJ,X,X
ZLIOSJT,X,O
ZLJTISO,X,X
ZLJTIOS,X,O
ZLJTSIO,X,X
ZLJTSOI,X,X
ZLJTOIS,X,O
ZLJTOSI,X,X
ZLJITSO,X,X
ZLJITOS,X,O
ZLJISTO,O,X
ZLJISOT,O,O
ZLJIOTS,X,O
ZLJIOST,X,O
ZLJSTIO,X,X
ZLJSTOI,X,X
ZLJSITO,O,X
ZLJSIOT,O,O
ZLJSOTI,X,X
ZLJSOIT,X,O
ZLJOTIS,X,O
ZLJOTSI,X,X
ZLJOITS,X,O
ZLJOIST,X,O
ZLJOSTI,X,X
ZLJOSIT,X,O
ZLSTIJO,X,X
ZLSTIOJ,X,X
ZLSTJIO,X,X
ZLSTJOI,X,X
ZLSTOIJ,X,X
ZLSTOJI,X,X
ZLSITJO,X,X
ZLSITOJ,X,X
ZLSIJTO,O,X
ZLSIJOT,O,O
ZLSIOTJ,X,X
ZLSIOJT,X,O
ZLSJTIO,X,X
ZLSJTOI,X,X
ZLSJITO,O,X
ZLSJIOT,O,O
ZLSJOTI,X,X
ZLSJOIT,X,O
ZLSOTIJ,X,X
ZLSOTJI,X,X
ZLSOITJ,X,X
ZLSOIJT,X,O
ZLSOJTI,X,X
ZLSOJIT,X,O
ZLOTIJS,X,O
ZLOTISJ,X,X
ZLOTJIS,X,O
ZLOTJSI,X,X
ZLOTSIJ,X,X
ZLOTSJI,X,X
ZLOITJS,X,O
ZLOITSJ,X,X
ZLOIJTS,X,O
ZLOIJST,X,O
ZLOISTJ,X,X
ZLOISJT,X,O
ZLOJTIS,X,O
ZLOJTSI,X,X
ZLOJITS,X,O
ZLOJIST,X,O
ZLOJSTI,X,X
ZLOJSIT,X,O
ZLOSTIJ,X,X
ZLOSTJI,X,X
ZLOSITJ,X,X
ZLOSIJT,X,O
ZLOSJTI,X,X
ZLOSJIT,X,O
ZJTILSO,X,X
ZJTILOS,X,O
ZJTISLO,X,X
ZJTISOL,X,X
ZJTIOLS,X,O
ZJTIOSL,X,X
ZJTLISO,X,X
ZJTLIOS,X,O
ZJTLSIO,X,X
ZJTLSOI,X,X
ZJTLOIS,X,O
ZJTLOSI,X,X
ZJTSILO,X,X
ZJTSIOL,X,X
ZJTSLIO,X,X
ZJTSLOI,X,X
ZJTSOIL,X,X
ZJTSOLI,X,X
ZJTOILS,X,O
ZJTOISL,X,X
ZJTOLIS,X,O
ZJTOLSI,X,X
ZJTOSIL,X,X
ZJTOSLI,X,X
ZJITLSO,X,X
ZJITLOS,X,O
ZJITSLO,X,X
ZJITSOL,X,X
ZJITOLS,X,O
ZJITOSL,X,X
ZJILTSO,X,X
ZJILTOS,X,O
ZJILSTO,O,X
ZJILSOT,O,O
ZJILOTS,X,O
ZJILOST,X,O
ZJISTLO,X,X
ZJISTOL,X,X
ZJISLTO,O,X
ZJISLOT,O,O
ZJISOTL,X,X
ZJISOLT,X,O
ZJIOTLS,X,O
ZJIOTSL,X,X
ZJIOLTS,X,O
ZJIOLST,X,O
ZJIOSTL,X,X
ZJIOSLT,X,O
ZJLTISO,X,X
ZJLTIOS,X,O
ZJLTSIO,X,X
ZJLTSOI,X,X
ZJLTOIS,X,O
ZJLTOSI,X,X
ZJLITSO,X,X
ZJLITOS,X,O
ZJLISTO,O,X
ZJLISOT,O,O
ZJLIOTS,X,O
ZJLIOST,X,O
ZJLSTIO,X,X
ZJLSTOI,X,X
ZJLSITO,O,X
ZJLSIOT,O,O
ZJLSOTI,X,X
ZJLSOIT,X,O
ZJLOTIS,X,O
ZJLOTSI,X,X
ZJLOITS,X,O
ZJLOIST,X,O
ZJLOSTI,X,X
ZJLOSIT,X,O
ZJSTILO,X,X
ZJSTIOL,X,X
ZJSTLIO,X,X
ZJSTLOI,X,X
ZJSTOIL,X,X
ZJSTOLI,X,X
ZJSITLO,X,X
ZJSITOL,X,X
ZJSILTO,O,X
ZJSILOT,O,O
ZJSIOTL,X,X
ZJSIOLT,X,O
ZJSLTIO,X,X
ZJSLTOI,X,X
ZJSLITO,O,X
ZJSLIOT,O,O
ZJSLOTI,X,X
ZJSLOIT,X,O
ZJSOTIL,X,X
ZJSOTLI,X,X
ZJSOITL,X,X
ZJSOILT,X,O
ZJSOLTI,X,X
ZJSOLIT,X,O
ZJOTILS,X,O
ZJOTISL,X,X
ZJOTLIS,X,O
ZJOTLSI,X,X
ZJOTSIL,X,X
ZJOTSLI,X,X
ZJOITLS,X,O
ZJOITSL,X,X
ZJOILTS,X,O
ZJOILST,X,O
ZJOISTL,X,X
ZJOISLT,X,O
ZJOLTIS,X,O
ZJOLTSI,X,X
ZJOLITS,X,O
ZJOLIST,X,O
ZJOLSTI,X,X
ZJOLSIT,X,O
ZJOSTIL,X,X
ZJOSTLI,X,X
ZJOSITL,X,X
ZJOSILT,X,O
ZJOSLTI,X,X
ZJOSLIT,X,O
ZSTILJO,X,X
ZSTILOJ,X,X
ZSTIJLO,X,X
ZSTIJOL,X,X
ZSTIOLJ,X,X
ZSTIOJL,X,X
ZSTLIJO,X,X
ZSTLIOJ,X,X
ZSTLJIO,X,X
ZSTLJOI,X,X
ZSTLOIJ,X,X
ZSTLOJI,X,X
ZSTJILO,X,X
ZSTJIOL,X,X
ZSTJLIO,X,X
ZSTJLOI,X,X
ZSTJOIL,X,X
ZSTJOLI,X,X
ZSTOILJ,X,X
ZSTOIJL,X,X
ZSTOLIJ,X,X
ZSTOLJI,X,X
ZSTOJIL,X,X
ZSTOJLI,X,X
ZSITLJO,X,X
ZSITLOJ,X,X
ZSITJLO,X,X
ZSITJOL,X,X
ZSITOLJ,X,X
ZSITOJL,X,X
ZSILTJO,X,X
ZSILTOJ,X,X
ZSILJTO,O,X
ZSILJOT,O,O
ZSILOTJ,X,X
ZSILOJT,X,O
ZSIJTLO,X,X
ZSIJTOL,X,X
ZSIJLTO,O,X
ZSIJLOT,O,O
ZSIJOTL,X,X
ZSIJOLT,X,O
ZSIOTLJ,X,X
ZSIOTJL,X,X
ZSIOLTJ,X,X
ZSIOLJT,X,O
ZSIOJTL,X,X
ZSIOJLT,X,O
ZSLTIJO,X,X
ZSLTIOJ,X,X
ZSLTJIO,X,X
ZSLTJOI,X,X
ZSLTOIJ,X,X
ZSLTOJI,X,X
ZSLITJO,X,X
ZSLITOJ,X,X
ZSLIJTO,O,X
ZSLIJOT,O,O
ZSLIOTJ,X,X
ZSLIOJT,X,O
ZSLJTIO,X,X
ZSLJTOI,X,X
ZSLJITO,O,X
ZSLJIOT,O,O
ZSLJOTI,X,X
ZSLJOIT,X,O
ZSLOTIJ,X,X
ZSLOTJI,X,X
ZSLOITJ,X,X
ZSLOIJT,X,O
ZSLOJTI,X,X
ZSLOJIT,X,O
ZSJTILO,X,X
ZSJTIOL,X,X
ZSJTLIO,X,X
ZSJTLOI,X,X
ZSJTOIL,X,X
ZSJTOLI,X,X
ZSJITLO,X,X
ZSJITOL,X,X
ZSJILTO,O,X
ZSJILOT,O,O
ZSJIOTL,X,X
ZSJIOLT,X,O
ZSJLTIO,X,X
ZSJLTOI,X,X
ZSJLITO,O,X
ZSJLIOT,O,O
ZSJLOTI,X,X
ZSJLOIT,X,O
ZSJOTIL,X,X
ZSJOTLI,X,X
ZSJOITL,X,X
ZSJOILT,X,O
ZSJOLTI,X,X
ZSJOLIT,X,O
ZSOTILJ,X,X
ZSOTIJL,X,X
ZSOTLIJ,X,X
ZSOTLJI,X,X
ZSOTJIL,X,X
ZSOTJLI,X,X
ZSOITLJ,X,X
ZSOITJL,X,X
ZSOILTJ,X,X
ZSOILJT,X,O
ZSOIJTL,X,X
ZSOIJLT,X,O
ZSOLTIJ,X,X
ZSOLTJI,X,X
ZSOLITJ,X,X
ZSOLIJT,X,O
ZSOLJTI,X,X
ZSOLJIT,X,O
ZSOJTIL,X,X
ZSOJTLI,X,X
ZSOJITL,X,X
ZSOJILT,X,O
ZSOJLTI,X,X
ZSOJLIT,X,O
ZOTILJS,X,O
ZOTILSJ,X,X
ZOTIJLS,X,O
ZOTIJSL,X,X
ZOTISLJ,X,X
ZOTISJL,X,X
ZOTLIJS,X,O
ZOTLISJ,X,X
ZOTLJIS,X,O
ZOTLJSI,X,X
ZOTLSIJ,X,X
ZOTLSJI,X,X
ZOTJILS,X,O
ZOTJISL,X,X
ZOTJLIS,X,O
ZOTJLSI,X,X
ZOTJSIL,X,X
ZOTJSLI,X,X
ZOTSILJ,X,X
ZOTSIJL,X,X
ZOTSLIJ,X,X
ZOTSLJI,X,X
ZOTSJIL,X,X
ZOTSJLI,X,X
ZOITLJS,X,O
ZOITLSJ,X,X
ZOITJLS,X,O
ZOITJSL,X,X
ZOITSLJ,X,X
ZOITSJL,X,X
ZOILTJS,X,O
ZOILTSJ,X,X
ZOILJTS,X,O
ZOILJST,X,O
ZOILSTJ,X,X
ZOILSJT,X,O
ZOIJTLS,X,O
ZOIJTSL,X,X
ZOIJLTS,X,O
ZOIJLST,X,O
ZOIJSTL,X,X
ZOIJSLT,X,O
ZOISTLJ,X,X
ZOISTJL,X,X
ZOISLTJ,X,X
ZOISLJT,X,O
ZOISJTL,X,X
ZOISJLT,X,O
ZOLTIJS,X,O
ZOLTISJ,X,X
ZOLTJIS,X,O
ZOLTJSI,X,X
ZOLTSIJ,X,X
ZOLTSJI,X,X
ZOLITJS,X,O
ZOLITSJ,X,X
ZOLIJTS,X,O
ZOLIJST,X,O
ZOLISTJ,X,X
ZOLISJT,X,O
ZOLJTIS,X,O
ZOLJTSI,X,X
ZOLJITS,X,O
ZOLJIST,X,O
ZOLJSTI,X,X
ZOLJSIT,X,O
ZOLSTIJ,X,X
ZOLSTJI,X,X
ZOLSITJ,X,X
ZOLSIJT,X,O
ZOLSJTI,X,X
ZOLSJIT,X,O
ZOJTILS,X,O
ZOJTISL,X,X
ZOJTLIS,X,O
ZOJTLSI,X,X
ZOJTSIL,X,X
ZOJTSLI,X,X
ZOJITLS,X,O
ZOJITSL,X,X
ZOJILTS,X,O
ZOJILST,X,O
ZOJISTL,X,X
ZOJISLT,X,O
ZOJLTIS,X,O
ZOJLTSI,X,X
ZOJLITS,X,O
ZOJLIST,X,O
ZOJLSTI,X,X
ZOJLSIT,X,O
ZOJSTIL,X,X
ZOJSTLI,X,X
ZOJSITL,X,X
ZOJSILT,X,O
ZOJSLTI,X,X
ZOJSLIT,X,O
ZOSTILJ,X,X
ZOSTIJL,X,X
ZOSTLIJ,X,X
ZOSTLJI,X,X
ZOSTJIL,X,X
ZOSTJLI,X,X
ZOSITLJ,X,X
ZOSITJL,X,X
ZOSILTJ,X,X
ZOSILJT,X,O
ZOSIJTL,X,X
ZOSIJLT,X,O
ZOSLTIJ,X,X
ZOSLTJI,X,X
ZOSLITJ,X,X
ZOSLIJT,X,O
ZOSLJTI,X,X
ZOSLJIT,X,O
ZOSJTIL,X,X
ZOSJTLI,X,X
ZOSJITL,X,X
ZOSJILT,X,O
ZOSJLTI,X,X
ZOSJLIT,X,O
OTILJSZ,X,X
OTILJZS,X,X
OTILSJZ,X,X
OTILSZJ,X,X
OTILZJS,X,X
OTILZSJ,X,X
OTIJLSZ,X,X
OTIJLZS,X,X
OTIJSLZ,X,X
OTIJSZL,X,X
OTIJZLS,X,X
OTIJZSL,X,X
OTISLJZ,X,X
OTISLZJ,X,X
OTISJLZ,X,X
OTISJZL,X,X
OTISZLJ,X,X
OTISZJL,X,X
OTIZLJS,X,X
OTIZLSJ,X,X
OTIZJLS,X,X
OTIZJSL,X,X
OTIZSLJ,X,X
OTIZSJL,X,X
OTLIJSZ,X,X
OTLIJZS,X,X
OTLISJZ,X,X
OTLISZJ,X,X
OTLIZJS,X,X
OTLIZSJ,X,X
OTLJISZ,X,X
OTLJIZS,X,X
OTLJSIZ,X,X
OTLJSZI,X,X
OTLJZIS,X,X
OTLJZSI,X,X
OTLSIJZ,X,X
OTLSIZJ,X,X
OTLSJIZ,X,X
OTLSJZI,X,X
OTLSZIJ,X,X
OTLSZJI,X,X
OTLZIJS,X,X
OTLZISJ,X,X
OTLZJIS,X,X
OTLZJSI,X,X
OTLZSIJ,X,X
OTLZSJI,X,X
OTJILSZ,X,X
OTJILZS,X,X
OTJISLZ,X,X
OTJISZL,X,X
OTJIZLS,X,X
OTJIZSL,X,X
OTJLISZ,X,X
OTJLIZS,X,X
OTJLSIZ,X,X
OTJLSZI,X,X
OTJLZIS,X,X
OTJLZSI,X,X
OTJSILZ,X,X
OTJSIZL,X,X
OTJSLIZ,X,X
OTJSLZI,X,X
OTJSZIL,X,X
OTJSZLI,X,X
OTJZILS,X,X
OTJZISL,X,X
OTJZLIS,X,X
OTJZLSI,X,X
OTJZSIL,X,X
OTJZSLI,X,X
OTSILJZ,X,X
OTSILZJ,X,X
OTSIJLZ,X,X
OTSIJZL,X,X
OTSIZLJ,X,X
OTSIZJL,X,X
OTSLIJZ,X,X
OTSLIZJ,X,X
OTSLJIZ,X,X
OTSLJZI,X,X
OTSLZIJ,X,X
OTSLZJI,X,X
OTSJILZ,X,X
OTSJIZL,X,X
OTSJLIZ,X,X
OTSJLZI,X,X
OTSJZIL,X,X
OTSJZLI,X,X
OTSZILJ,X,X
OTSZIJL,X,X
OTSZLIJ,X,X
OTSZLJI,X,X
OTSZJIL,X,X
OTSZJLI,X,X
OTZILJS,X,X
OTZILSJ,X,X
OTZIJLS,X,X
OTZIJSL,X,X
OTZISLJ,X,X
OTZISJL,X,X
OTZLIJS,X,X
OTZLISJ,X,X
OTZLJIS,X,X
OTZLJSI,X,X
OTZLSIJ,X,X
OTZLSJI,X,X
OTZJILS,X,X
OTZJISL,X,X
OTZJLIS,X,X
OTZJLSI,X,X
OTZJSIL,X,X
OTZJSLI,X,X
OTZSILJ,X,X
OTZSIJL,X,X
OTZSLIJ,X,X
OTZSLJI,X,X
OTZSJIL,X,X
OTZSJLI,X,X
OITLJSZ,X,X
OITLJZS,X,X
OITLSJZ,X,X
OITLSZJ,X,X
OITLZJS,X,X
OITLZSJ,X,X
OITJLSZ,X,X
OITJLZS,X,X
OITJSLZ,X,X
OITJSZL,X,X
OITJZLS,X,X
OITJZSL,X,X
OITSLJZ,X,X
OITSLZJ,X,X
OITSJLZ,X,X
OITSJZL,X,X
OITSZLJ,X,X
OITSZJL,X,X
OITZLJS,X,X
OITZLSJ,X,X
OITZJLS,X,X
OITZJSL,X,X
OITZSLJ,X,X
OITZSJL,X,X
OILTJSZ,X,X
OILTJZS,X,X
OILTSJZ,X,X
OILTSZJ,X,X
OILTZJS,X,X
OILTZSJ,X,X
OILJTSZ,X,X
OILJTZS,X,X
OILJSTZ,O,X
OILJSZT,O,X
OILJZTS,X,O
OILJZST,X,O
OILSTJZ,X,X
OILSTZJ,X,X
OILSJTZ,O,X
OILSJZT,O,X
OILSZTJ,X,X
OILSZJT,X,X
OILZTJS,X,O
OILZTSJ,X,X
OILZJTS,X,O
OILZJST,X,O
OILZSTJ,X,X
OILZSJT,X,O
OIJTLSZ,X,X
OIJTLZS,X,X
OIJTSLZ,X,X
OIJTSZL,X,X
OIJTZLS,X,X
OIJTZSL,X,X
OIJLTSZ,X,X
OIJLTZS,X,X
OIJLSTZ,O,X
OIJLSZT,O,X
OIJLZTS,X,O
OIJLZST,X,O
OIJSTLZ,X,X
OIJSTZL,X,X
OIJSLTZ,O,X
OIJSLZT,O,X
OIJSZTL,X,X
OIJSZLT,X,X
OIJZTLS,X,O
OIJZTSL,X,X
OIJZLTS,X,O
OIJZLST,X,O
OIJZSTL,X,X
OIJZSLT,X,O
OISTLJZ,X,X
OISTLZJ,X,X
OISTJLZ,X,X
OISTJZL,X,X
OISTZLJ,X,X
OISTZJL,X,X
OISLTJZ,X,X
OISLTZJ,X,X
OISLJTZ,O,X
OISLJZT,O,X
OISLZTJ,X,X
OISLZJT,X,X
OISJTLZ,X,X
OISJTZL,X,X
OISJLTZ,O,X
OISJLZT,O,X
OISJZTL,X,X
OISJZLT,X,X
OISZTLJ,X,X
OISZTJL,X,X
OISZLTJ,X,X
OISZLJT,X,X
OISZJTL,X,X
OISZJLT,X,X
OIZTLJS,X,O
OIZTLSJ,X,X
OIZTJLS,X,O
OIZTJSL,X,X
OIZTSLJ,X,X
OIZTSJL,X,X
OIZLTJS,X,O
OIZLTSJ,X,X
OIZLJTS,X,O
OIZLJST,X,O
OIZLSTJ,X,X
OIZLSJT,X,O
OIZJTLS,X,O
OIZJTSL,X,X
OIZJLTS,X,O
OIZJLST,X,O
OIZJSTL,X,X
OIZJSLT,X,O
OIZSTLJ,X,X
OIZSTJL,X,X
OIZSLTJ,X,X
OIZSLJT,X,O
OIZSJTL,X,X
OIZSJLT,X,O
OLTIJSZ,X,X
OLTIJZS,X,X
OLTISJZ,X,X
OLTISZJ,X,X
OLTIZJS,X,X
OLTIZSJ,X,X
OLTJISZ,X,X
OLTJIZS,X,X
OLTJSIZ,X,X
OLTJSZI,X,X
OLTJZIS,X,X
OLTJZSI,X,X
OLTSIJZ,X,X
OLTSIZJ,X,X
OLTSJIZ,X,X
OLTSJZI,X,X
OLTSZIJ,X,X
OLTSZJI,X,X
OLTZIJS,X,X
OLTZISJ,X,X
OLTZJIS,X,X
OLTZJSI,X,X
OLTZSIJ,X,X
OLTZSJI,X,X
OLITJSZ,X,X
OLITJZS,X,X
OLITSJZ,X,X
OLITSZJ,X,X
OLITZJS,X,X
OLITZSJ,X,X
OLIJTSZ,X,X
OLIJTZS,X,X
OLIJSTZ,O,X
OLIJSZT,O,X
OLIJZTS,X,O
OLIJZST,X,O
OLISTJZ,X,X
OLISTZJ,X,X
OLISJTZ,O,X
OLISJZT,O,X
OLISZTJ,X,X
OLISZJT,X,X
OLIZTJS,X,O
OLIZTSJ,X,X
OLIZJTS,X,O
OLIZJST,X,O
OLIZSTJ,X,X
OLIZSJT,X,O
OLJTISZ,X,X
OLJTIZS,X,X
OLJTSIZ,X,X
OLJTSZI,X,X
OLJTZIS,X,X
OLJTZSI,X,X
OLJITSZ,X,X
OLJITZS,X,X
OLJISTZ,O,X
OLJISZT,O,X
OLJIZTS,X,O
OLJIZST,X,O
OLJSTIZ,X,X
OLJSTZI,X,X
OLJSITZ,O,X
OLJSIZT,O,X
OLJSZTI,X,X
OLJSZIT,X,X
OLJZTIS,X,O
OLJZTSI,X,X
OLJZITS,X,O
OLJZIST,X,O
OLJZSTI,X,X
OLJZSIT,X,O
OLSTIJZ,X,X
OLSTIZJ,X,X
OLSTJIZ,X,X
OLSTJZI,X,X
OLSTZIJ,X,X
OLSTZJI,X,X
OLSITJZ,X,X
OLSITZJ,X,X
OLSIJTZ,O,X
OLSIJZT,O,X
OLSIZTJ,X,X
OLSIZJT,X,X
OLSJTIZ,X,X
OLSJTZI,X,X
OLSJITZ,O,X
OLSJIZT,O,X
OLSJZTI,X,X
OLSJZIT,X,X
OLSZTIJ,X,X
OLSZTJI,X,X
OLSZITJ,X,X
OLSZIJT,X,X
OLSZJTI,X,X
OLSZJIT,X,X
OLZTIJS,X,O
OLZTISJ,X,X
OLZTJIS,X,O
OLZTJSI,X,X
OLZTSIJ,X,X
OLZTSJI,X,X
OLZITJS,X,O
OLZITSJ,X,X
OLZIJTS,X,O
OLZIJST,X,O
OLZISTJ,X,X
OLZISJT,X,O
OLZJTIS,X,O
OLZJTSI,X,X
OLZJITS,X,O
OLZJIST,X,O
OLZJSTI,X,X
OLZJSIT,X,O
OLZSTIJ,X,X
OLZSTJI,X,X
OLZSITJ,X,X
OLZSIJT,X,O
OLZSJTI,X,X
OLZSJIT,X,O
OJTILSZ,X,X
OJTILZS,X,X
OJTISLZ,X,X
OJTISZL,X,X
OJTIZLS,X,X
OJTIZSL,X,X
OJTLISZ,X,X
OJTLIZS,X,X
OJTLSIZ,X,X
OJTLSZI,X,X
OJTLZIS,X,X
OJTLZSI,X,X
OJTSILZ,X,X
OJTSIZL,X,X
OJTSLIZ,X,X
OJTSLZI,X,X
OJTSZIL,X,X
OJTSZLI,X,X
OJTZILS,X,X
OJTZISL,X,X
OJTZLIS,X,X
OJTZLSI,X,X
OJTZSIL,X,X
OJTZSLI,X,X
OJITLSZ,X,X
OJITLZS,X,X
OJITSLZ,X,X
OJITSZL,X,X
OJITZLS,X,X
OJITZSL,X,X
OJILTSZ,X,X
OJILTZS,X,X
OJILSTZ,O,X
OJILSZT,O,X
OJILZTS,X,O
OJILZST,X,O
OJISTLZ,X,X
OJISTZL,X,X
OJISLTZ,O,X
OJISLZT,O,X
OJISZTL,X,X
OJISZLT,X,X
OJIZTLS,X,O
OJIZTSL,X,X
OJIZLTS,X,O
OJIZLST,X,O
OJIZSTL,X,X
OJIZSLT,X,O
OJLTISZ,X,X
OJLTIZS,X,X
OJLTSIZ,X,X
OJLTSZI,X,X
OJLTZIS,X,X
OJLTZSI,X,X
OJLITSZ,X,X
OJLITZS,X,X
OJLISTZ,O,X
OJLISZT,O,X
OJLIZTS,X,O
OJLIZST,X,O
OJLSTIZ,X,X
OJLSTZI,X,X
OJLSITZ,O,X
OJLSIZT,O,X
OJLSZTI,X,X
OJLSZIT,X,X
OJLZTIS,X,O
OJLZTSI,X,X
OJLZITS,X,O
OJLZIST,X,O
OJLZSTI,X,X
OJLZSIT,X,O
OJSTILZ,X,X
OJSTIZL,X,X
OJSTLIZ,X,X
OJSTLZI,X,X
OJSTZIL,X,X
OJSTZLI,X,X
OJSITLZ,X,X
OJSITZL,X,X
OJSILTZ,O,X
OJSILZT,O,X
OJSIZTL,X,X
OJSIZLT,X,X
OJSLTIZ,X,X
OJSLTZI,X,X
OJSLITZ,O,X
OJSLIZT,O,X
OJSLZTI,X,X
OJSLZIT,X,X
OJSZTIL,X,X
OJSZTLI,X,X
OJSZITL,X,X
OJSZILT,X,X
OJSZLTI,X,X
OJSZLIT,X,X
OJZTILS,X,O
OJZTISL,X,X
OJZTLIS,X,O
OJZTLSI,X,X
OJZTSIL,X,X
OJZTSLI,X,X
OJZITLS,X,O
OJZITSL,X,X
OJZILTS,X,O
OJZILST,X,O
OJZISTL,X,X
OJZISLT,X,O
OJZLTIS,X,O
OJZLTSI,X,X
OJZLITS,X,O
OJZLIST,X,O
OJZLSTI,X,X
OJZLSIT,X,O
OJZSTIL,X,X
OJZSTLI,X,X
OJZSITL,X,X
OJZSILT,X,O
OJZSLTI,X,X
OJZSLIT,X,O
OSTILJZ,X,X
OSTILZJ,X,X
OSTIJLZ,X,X
OSTIJZL,X,X
OSTIZLJ,X,X
OSTIZJL,X,X
OSTLIJZ,X,X
OSTLIZJ,X,X
OSTLJIZ,X,X
OSTLJZI,X,X
OSTLZIJ,X,X
OSTLZJI,X,X
OSTJILZ,X,X
OSTJIZL,X,X
OSTJLIZ,X,X
OSTJLZI,X,X
OSTJZIL,X,X
OSTJZLI,X,X
OSTZILJ,X,X
OSTZIJL,X,X
OSTZLIJ,X,X
OSTZLJI,X,X
OSTZJIL,X,X
OSTZJLI,X,X
OSITLJZ,X,X
OSITLZJ,X,X
OSITJLZ,X,X
OSITJZL,X,X
OSITZLJ,X,X
OSITZJL,X,X
OSILTJZ,X,X
OSILTZJ,X,X
OSILJTZ,O,X
OSILJZT,O,X
OSILZTJ,X,X
OSILZJT,X,X
OSIJTLZ,X,X
OSIJTZL,X,X
OSIJLTZ,O,X
OSIJLZT,O,X
OSIJZTL,X,X
OSIJZLT,X,X
OSIZTLJ,X,X
OSIZTJL,X,X
OSIZLTJ,X,X
OSIZLJT,X,X
OSIZJTL,X,X
OSIZJLT,X,X
OSLTIJZ,X,X
OSLTIZJ,X,X
OSLTJIZ,X,X
OSLTJZI,X,X
OSLTZIJ,X,X
OSLTZJI,X,X
OSLITJZ,X,X
OSLITZJ,X,X
OSLIJTZ,O,X
OSLIJZT,O,X
OSLIZTJ,X,X
OSLIZJT,X,X
OSLJTIZ,X,X
OSLJTZI,X,X
OSLJITZ,O,X
OSLJIZT,O,X
OSLJZTI,X,X
OSLJZIT,X,X
OSLZTIJ,X,X
OSLZTJI,X,X
OSLZITJ,X,X
OSLZIJT,X,X
OSLZJTI,X,X
OSLZJIT,X,X
OSJTILZ,X,X
OSJTIZL,X,X
OSJTLIZ,X,X
OSJTLZI,X,X
OSJTZIL,X,X
OSJTZLI,X,X
OSJITLZ,X,X
OSJITZL,X,X
OSJILTZ,O,X
OSJILZT,O,X
OSJIZTL,X,X
OSJIZLT,X,X
OSJLTIZ,X,X
OSJLTZI,X,X
OSJLITZ,O,X
OSJLIZT,O,X
OSJLZTI,X,X
OSJLZIT,X,X
OSJZTIL,X,X
OSJZTLI,X,X
OSJZITL,X,X
OSJZILT,X,X
OSJZLTI,X,X
OSJZLIT,X,X
OSZTILJ,X,X
OSZTIJL,X,X
OSZTLIJ,X,X
OSZTLJI,X,X
OSZTJIL,X,X
OSZTJLI,X,X
OSZITLJ,X,X
OSZITJL,X,X
OSZILTJ,X,X
OSZILJT,X,X
OSZIJTL,X,X
OSZIJLT,X,X
OSZLTIJ,X,X
OSZLTJI,X,X
OSZLITJ,X,X
OSZLIJT,X,X
OSZLJTI,X,X
OSZLJIT,X,X
OSZJTIL,X,X
OSZJTLI,X,X
OSZJITL,X,X
OSZJILT,X,X
OSZJLTI,X,X
OSZJLIT,X,X
OZTILJS,X,O
OZTILSJ,X,X
OZTIJLS,X,O
OZTIJSL,X,X
OZTISLJ,X,X
OZTISJL,X,X
OZTLIJS,X,O
OZTLISJ,X,X
OZTLJIS,X,O
OZTLJSI,X,X
OZTLSIJ,X,X
OZTLSJI,X,X
OZTJILS,X,O
OZTJISL,X,X
OZTJLIS,X,O
OZTJLSI,X,X
OZTJSIL,X,X
OZTJSLI,X,X
OZTSILJ,X,X
OZTSIJL,X,X
OZTSLIJ,X,X
OZTSLJI,X,X
OZTSJIL,X,X
OZTSJLI,X,X
OZITLJS,X,O
OZITLSJ,X,X
OZITJLS,X,O
OZITJSL,X,X
OZITSLJ,X,X
OZITSJL,X,X
OZILTJS,X,O
OZILTSJ,X,X
OZILJTS,X,O
OZILJST,X,O
OZILSTJ,X,X
OZILSJT,X,O
OZIJTLS,X,O
OZIJTSL,X,X
OZIJLTS,X,O
OZIJLST,X,O
OZIJSTL,X,X
OZIJSLT,X,O
OZISTLJ,X,X
OZISTJL,X,X
OZISLTJ,X,X
OZISLJT,X,O
OZISJTL,X,X
OZISJLT,X,O
OZLTIJS,X,O
OZLTISJ,X,X
OZLTJIS,X,O
OZLTJSI,X,X
OZLTSIJ,X,X
OZLTSJI,X,X
OZLITJS,X,O
OZLITSJ,X,X
OZLIJTS,X,O
OZLIJST,X,O
OZLISTJ,X,X
OZLISJT,X,O
OZLJTIS,X,O
OZLJTSI,X,X
OZLJITS,X,O
OZLJIST,X,O
OZLJSTI,X,X
OZLJSIT,X,O
OZLSTIJ,X,X
OZLSTJI,X,X
OZLSITJ,X,X
OZLSIJT,X,O
OZLSJTI,X,X
OZLSJIT,X,O
OZJTILS,X,O
OZJTISL,X,X
OZJTLIS,X,O
OZJTLSI,X,X
OZJTSIL,X,X
OZJTSLI,X,X
OZJITLS,X,O
OZJITSL,X,X
OZJILTS,X,O
OZJILST,X,O
OZJISTL,X,X
OZJISLT,X,O
OZJLTIS,X,O
OZJLTSI,X,X
OZJLITS,X,O
OZJLIST,X,O
OZJLSTI,X,X
OZJLSIT,X,O
OZJSTIL,X,X
OZJSTLI,X,X
OZJSITL,X,X
OZJSILT,X,O
OZJSLTI,X,X
OZJSLIT,X,O
OZSTILJ,X,X
OZSTIJL,X,X
OZSTLIJ,X,X
OZSTLJI,X,X
OZSTJIL,X,X
OZSTJLI,X,X
OZSITLJ,X,X
OZSITJL,X,X
OZSILTJ,X,X
OZSILJT,X,O
OZSIJTL,X,X
OZSIJLT,X,O
OZSLTIJ,X,X
OZSLTJI,X,X
OZSLITJ,X,X
OZSLIJT,X,O
OZSLJTI,X,X
OZSLJIT,X,O
OZSJTIL,X,X
OZSJTLI,X,X
OZSJITL,X,X
OZSJILT,X,O
OZSJLTI,X,X
OZSJLIT,X,O
